ticker,prophet_prediction,prophet_mape,prophet_class,prophet_confidence,arima_prediction,arima_mape,arima_class,arima_confidence,theta_prediction,theta_mape,theta_class,theta_confidence,prophet_monthly_return
REFEX.NS,364.9191639,,disaster,40,,,,,,,,,-3.677139219
NIVABUPA.NS,81.09260342,,disaster,35,,,,,,,,,-5.121560476
IIFL.NS,504.2720201,,stellar,35,,,,,,,,,11.78718982
GRINFRA.NS,1213.682301,,disaster,40,,,,,,,,,-4.268634344
SHAREINDIA.NS,163.8384186,,stellar,40,,,,,,,,,7.611440817
VSTTILLERS.NS,5419.02393,,breakeven,55,,,,,,,,,1.947585929
LUMAXIND.NS,4303.21819,,stellar,40,,,,,,,,,12.2852077
ZYDUSWELL.NS,2070.668128,,profit,40,,,,,,,,,3.621482127
PANAMAPET.NS,334.5077414,,loss,40,,,,,,,,,-0.161840449
INTERARCH.NS,2305.926164,,stellar,40,,,,,,,,,12.88065932
GIPCL.NS,202.6686054,,stellar,40,,,,,,,,,7.997762701
FIEMIND.NS,2049.901752,,loss,40,,,,,,,,,-0.330539205
INDOTHAI.NS,171.489317,,profit,35,,,,,,,,,3.794525923
DHARMAJ.NS,403.0479097,,stellar,40,,,,,,,,,9.494132848
ADOR.NS,-542.5865734,,disaster,50,,,,,,,,,-159.263457
SUVEN.NS,305.6005476,,stellar,50,,,,,,,,,32.43794044
TVSSCS.NS,127.1012437,,disaster,35,,,,,,,,,-3.623567609
ALLTIME.NS,417.4110506,,stellar,50,,,,,,,,,32.40636023
STALLION.NS,191.5665726,,stellar,50,,,,,,,,,29.86684275
RAMRAT.NS,692.6396826,,breakeven,40,,,,,,,,,0.747590194
PARAGMILK.NS,263.8967886,,stellar,40,,,,,,,,,11.81119557
OSWALGREEN.NS,44.43460735,,profit,50,,,,,,,,,4.306593761
BLISSGVS.NS,193.6691785,,stellar,40,,,,,,,,,20.06768435
RAYMONDLSL.NS,1453.961806,,stellar,35,,,,,,,,,25.37396459
FMGOETZE.NS,680.7155872,,stellar,55,,,,,,,,,27.69004284
AAVAS.NS,1662.828017,,breakeven,40,,,,,,,,,0.777455556
IFCI.NS,63.61663914,,stellar,40,,,,,,,,,17.72138797
CIEINDIA.NS,361.7384982,,disaster,40,,,,,,,,,-9.236354477
EASEMYTRIP.NS,8.029961138,,disaster,40,,,,,,,,,-10.27976191
ROUTE.NS,807.5009447,,disaster,40,,,,,,,,,-8.269799403
ZENSARTECH.NS,818.8642074,,profit,40,,,,,,,,,3.326713867
MANALIPETC.NS,75.47768691,,stellar,40,,,,,,,,,12.33469886
SOMANYCERA.NS,559.5072933,,stellar,40,,,,,,,,,13.38682327
THEJO.NS,2332.704539,,stellar,40,,,,,,,,,20.91564368
CGCL.NS,197.951327,,profit,40,,,,,,,,,5.315662879
CENTRUM.NS,45.48488389,,stellar,40,,,,,,,,,14.94790052
CCL.NS,918.9165844,,profit,40,,,,,,,,,4.120627402
INDIAMART.NS,2650.269066,,loss,40,,,,,,,,,-0.757571012
RELIGARE.NS,273.5519453,,stellar,35,,,,,,,,,8.984838777
EQUITASBNK.NS,50.39439469,,disaster,40,,,,,,,,,-8.173480858
DBREALTY.NS,196.6676176,,stellar,40,,,,,,,,,11.60978951
LANDMARK.NS,569.2173064,,loss,35,,,,,,,,,-0.11979611
SANGHVIMOV.NS,292.4635886,,disaster,40,,,,,,,,,-13.485106
REMUS.NS,385.9618272,,disaster,45,,,,,,,,,-59.10554861
SRHHYPOLTD.NS,698.7599164,,stellar,40,,,,,,,,,15.0032825
IMFA.NS,891.2100455,,profit,40,,,,,,,,,2.940808031
EPIGRAL.NS,1863.130191,,breakeven,40,,,,,,,,,0.966246253
ACI.NS,744.6552499,,stellar,35,,,,,,,,,10.48297476
RELTD.NS,135.9105916,,disaster,35,,,,,,,,,-5.288786357
KDDL.NS,2658.417413,,stellar,40,,,,,,,,,7.571616564
TTKPRESTIG.NS,653.1647923,,loss,35,,,,,,,,,-0.211625618
GANECOS.NS,1513.740913,,stellar,40,,,,,,,,,11.23086825
APOLLOPIPE.NS,353.3781102,,disaster,35,,,,,,,,,-12.53017075
LUMAXTECH.NS,1395.631135,,stellar,40,,,,,,,,,22.18798767
GODAVARIB.NS,336.21094,,stellar,35,,,,,,,,,28.37378688
TI.NS,540.1065881,,stellar,40,,,,,,,,,10.39480595
KIRLOSBROS.NS,2336.75078,,stellar,40,,,,,,,,,20.25890636
SALZERELEC.NS,839.0512938,,breakeven,40,,,,,,,,,0.999252943
JSFB.NS,453.2718145,,disaster,50,,,,,,,,,-8.669791321
PGIL.NS,1617.386815,,stellar,40,,,,,,,,,19.37314825
JINDALSAW.NS,191.2772226,,disaster,45,,,,,,,,,-5.844337515
RITES.NS,248.7641297,,disaster,55,,,,,,,,,-2.845482712
NDRAUTO.NS,1119.936198,,stellar,40,,,,,,,,,10.67656601
ESTER.NS,111.7239264,,breakeven,40,,,,,,,,,1.567205857
CHEMFAB.NS,694.5795235,,breakeven,40,,,,,,,,,0.112357411
SANATHAN.NS,535.2805687,,profit,40,,,,,,,,,5.411693897
GRANULES.NS,436.0502473,,disaster,40,,,,,,,,,-4.896347379
ARIHANTSUP.NS,445.6622177,,stellar,40,,,,,,,,,7.427313764
BOROLTD.NS,335.4354179,,disaster,40,,,,,,,,,-2.432975636
FEDFINA.NS,151.018287,,profit,40,,,,,,,,,6.328443493
BHARATWIRE.NS,176.3865721,,disaster,40,,,,,,,,,-5.458238086
EVEREADY.NS,485.5523876,,stellar,40,,,,,,,,,11.68542556
BIL.NS,978.4858454,,stellar,40,,,,,,,,,16.77138625
NITCO.NS,140.1834601,,stellar,40,,,,,,,,,11.88718896
SAILIFE.NS,953.977499,,profit,35,,,,,,,,,3.032452089
AKZOINDIA.NS,3488.073771,,profit,40,,,,,,,,,2.60247295
SHARDACROP.NS,1211.374935,,stellar,55,,,,,,,,,26.02735324
JAYNECOIND.NS,56.84162021,,disaster,40,,,,,,,,,-6.510491896
GEPIL.NS,394.1679182,,profit,35,,,,,,,,,5.223681747
ANURAS.NS,1214.777047,,stellar,35,,,,,,,,,7.435844976
GAEL.NS,99.34323322,,disaster,40,,,,,,,,,-4.053281492
ASHIANA.NS,318.0423908,,breakeven,35,,,,,,,,,1.5785323
VILAS.NS,660.4688519,,stellar,50,,,,,,,,,24.93498939
NAVKARCORP.NS,132.5611894,,stellar,40,,,,,,,,,9.636246308
PDSL.NS,306.0359331,,disaster,40,,,,,,,,,-6.339423695
UNICHEMLAB.NS,559.6853722,,stellar,40,,,,,,,,,11.31372033
TEGA.NS,2050.925558,,stellar,35,,,,,,,,,9.411872942
AIMTRON.NS,847.4364689,,stellar,50,,,,,,,,,24.24843986
SAGCEM.NS,253.3614978,,profit,40,,,,,,,,,5.04208168
GGBL.NS,547.4330072,,stellar,50,,,,,,,,,23.33738869
GOCOLORS.NS,669.5089618,,disaster,40,,,,,,,,,-3.542863374
NETWEB.NS,2186.547867,,disaster,35,,,,,,,,,-5.849640069
ARTEMISMED.NS,239.8342632,,breakeven,35,,,,,,,,,0.762229593
RMDRIP.NS,740.3643973,,profit,35,,,,,,,,,2.650176406
GOKULAGRO.NS,343.0676386,,profit,40,,,,,,,,,4.593792271
SAREGAMA.NS,447.4223681,,disaster,55,,,,,,,,,-8.558679906
SMARTWORKS.NS,-130.5672151,,disaster,40,,,,,,,,,-126.5866857
VINYAS.NS,1531.480754,,stellar,45,,,,,,,,,25.63418817
SURAJEST.NS,280.0290502,,disaster,40,,,,,,,,,-12.10638895
XPROINDIA.NS,1210.117958,,stellar,35,,,,,,,,,8.569709728
CAMLINFINE.NS,304.5806486,,stellar,35,,,,,,,,,42.16132955
ARMANFIN.NS,1502.366151,,profit,35,,,,,,,,,3.15614703
ACUTAAS.NS,-144.7960326,,disaster,45,,,,,,,,,-110.1689747
JCHAC.NS,1699.525643,,disaster,35,,,,,,,,,-2.101057442
TRANSRAILL.NS,847.0901479,,stellar,40,,,,,,,,,8.636120288
GARUDA.NS,236.7216965,,stellar,55,,,,,,,,,23.13222183
BECTORFOOD.NS,1327.13501,,disaster,35,,,,,,,,,-3.481090153
JUBLCPL.NS,3521.685878,,stellar,40,,,,,,,,,25.98596989
AURIONPRO.NS,1428.975381,,profit,40,,,,,,,,,5.24195974
PRECWIRE.NS,172.56872,,disaster,40,,,,,,,,,-2.909466252
PIXTRANS.NS,1563.16501,,stellar,40,,,,,,,,,13.32209532
DATAPATTNS.NS,2436.355222,,disaster,50,,,,,,,,,-5.954021063
LAOPALA.NS,260.6804048,,profit,40,,,,,,,,,3.567901435
MARINE.NS,148.3373835,,disaster,35,,,,,,,,,-13.61671184
PURVA.NS,319.1222349,,stellar,40,,,,,,,,,10.63346207
NSIL.NS,7547.698125,,stellar,45,,,,,,,,,11.92553014
KICL.NS,4850.647194,,breakeven,50,,,,,,,,,1.168962897
DHANUKA.NS,1792.692971,,stellar,40,,,,,,,,,11.74997039
JBMA.NS,600.5440827,,disaster,35,,,,,,,,,-5.929815211
KPIGREEN.NS,596.4680823,,stellar,40,,,,,,,,,14.95964351
OMAXE.NS,110.4159038,,stellar,50,,,,,,,,,22.35805236
SHANTIGEAR.NS,574.6867421,,breakeven,50,,,,,,,,,0.760369362
STYLAMIND.NS,1730.029901,,profit,40,,,,,,,,,5.967776974
THANGAMAYL.NS,1792.497928,,disaster,35,,,,,,,,,-15.27236503
SENORES.NS,799.7197501,,stellar,40,,,,,,,,,10.42040043
RAMKY.NS,632.4061301,,profit,40,,,,,,,,,4.694337042
THOMASCOOK.NS,172.572572,,breakeven,40,,,,,,,,,0.257112133
AARTIIND.NS,348.1358525,,disaster,35,,,,,,,,,-8.936473033
IOLCP.NS,108.9717805,,stellar,40,,,,,,,,,12.55089945
RELINFRA.NS,354.1557615,,stellar,55,,,,,,,,,22.05954471
MONTECARLO.NS,561.8701086,,disaster,40,,,,,,,,,-4.003054787
BUTTERFLY.NS,665.8107927,,disaster,40,,,,,,,,,-9.370343625
RCF.NS,148.2553357,,disaster,40,,,,,,,,,-6.698967002
EIEL.NS,231.2827904,,disaster,40,,,,,,,,,-13.78087963
TEXRAIL.NS,138.2088204,,disaster,40,,,,,,,,,-3.901534278
MANGLMCEM.NS,688.285311,,disaster,40,,,,,,,,,-5.869078298
SGLTL.NS,175.7926447,,disaster,35,,,,,,,,,-2.909175351
GHCL.NS,579.3461536,,breakeven,45,,,,,,,,,1.098711446
MOBIKWIK.NS,179.7116893,,disaster,40,,,,,,,,,-21.51642385
SUDARSCHEM.NS,1563.947516,,stellar,35,,,,,,,,,9.520134203
63MOONS.NS,1164.475506,,stellar,50,,,,,,,,,21.27426485
HUHTAMAKI.NS,236.2067845,,stellar,40,,,,,,,,,9.618892312
WAAREEINDO.NS,486.3023035,,stellar,45,,,,,,,,,22.4634339
GNFC.NS,525.4684263,,loss,40,,,,,,,,,-1.14411845
ARIHANTCAP.NS,110.4142934,,loss,40,,,,,,,,,-1.4510063
ALICON.NS,825.2280259,,disaster,40,,,,,,,,,-2.942896097
HMAAGRO.NS,28.44655144,,disaster,40,,,,,,,,,-9.521148359
DYNAMATECH.NS,6557.015774,,breakeven,35,,,,,,,,,0.367607133
CHOICEIN.NS,813.8575932,,breakeven,35,,,,,,,,,1.320584282
MUKANDLTD.NS,156.9756087,,stellar,40,,,,,,,,,14.7147127
SUPRAJIT.NS,478.8936704,,profit,35,,,,,,,,,5.251356139
DEEPINDS.NS,547.6760221,,loss,40,,,,,,,,,-0.630318809
UDAICEMENT.NS,40.45633167,,stellar,35,,,,,,,,,11.66528341
JNKINDIA.NS,303.6205118,,breakeven,35,,,,,,,,,1.562301187
SRM.NS,566.3372078,,stellar,40,,,,,,,,,15.69708025
ALIVUS.NS,881.5431228,,disaster,40,,,,,,,,,-9.091150694
TEJASNET.NS,532.713911,,disaster,35,,,,,,,,,-14.23748046
SHANTIGOLD.NS,-92.19890919,,disaster,40,,,,,,,,,-137.4457431
SWSOLAR.NS,270.4404765,,disaster,35,,,,,,,,,-2.946175347
JTEKTINDIA.NS,121.1682117,,disaster,40,,,,,,,,,-8.143273225
TCI.NS,1272.65587,,stellar,40,,,,,,,,,10.09133822
SWANENERGY.NS,509.3241197,,stellar,40,,,,,,,,,7.158454191
BAJAJCON.NS,267.3320881,,stellar,50,,,,,,,,,18.02220415
BLACKBUCK.NS,497.3608069,,disaster,40,,,,,,,,,-22.79403951
PCBL.NS,371.4290835,,disaster,40,,,,,,,,,-2.306924898
PARADEEP.NS,241.0429498,,stellar,40,,,,,,,,,9.505249466
ARVINDFASN.NS,539.0683969,,profit,40,,,,,,,,,3.388640525
DEEPAKFERT.NS,1636.845221,,stellar,40,,,,,,,,,7.046317933
SCI.NS,234.7142773,,stellar,40,,,,,,,,,8.458145795
JUBLPHARMA.NS,1170.280796,,stellar,40,,,,,,,,,8.05916861
PITTIENG.NS,944.8883712,,loss,40,,,,,,,,,-0.307197368
GSPL.NS,255.6441774,,disaster,50,,,,,,,,,-16.37416841
BHARATRAS.NS,11521.82549,,stellar,40,,,,,,,,,10.39403558
WEALTH.NS,1426.655083,,stellar,50,,,,,,,,,17.69139911
HINDOILEXP.NS,158.7879922,,disaster,40,,,,,,,,,-6.003670707
BARBEQUE.NS,242.6425015,,disaster,40,,,,,,,,,-8.523090852
GULPOLY.NS,144.6564386,,disaster,40,,,,,,,,,-13.05659675
TCIEXP.NS,606.6320366,,disaster,40,,,,,,,,,-12.87152077
WSTCSTPAPR.NS,542.0779627,,stellar,40,,,,,,,,,12.06904052
CERA.NS,6573.986992,,breakeven,40,,,,,,,,,0.696744919
PRIVISCL.NS,2609.692014,,stellar,40,,,,,,,,,7.527483058
ARVSMART.NS,597.712768,,disaster,40,,,,,,,,,-4.640590365
SIGNATURE.NS,1110.738555,,loss,35,,,,,,,,,-0.994872048
NITINSPIN.NS,358.2880782,,profit,40,,,,,,,,,2.280357028
RANEHOLDIN.NS,1467.158562,,disaster,45,,,,,,,,,-2.747011434
JGCHEM.NS,569.9788169,,stellar,55,,,,,,,,,16.46481896
BAJEL.NS,268.2519592,,stellar,35,,,,,,,,,29.95444316
HIMATSEIDE.NS,143.3292458,,stellar,40,,,,,,,,,12.6448037
MICEL.NS,40.07561084,,disaster,35,,,,,,,,,-20.27927099
AMNPLST.NS,249.3858572,,stellar,40,,,,,,,,,9.953643963
EPL.NS,229.0863077,,disaster,40,,,,,,,,,-3.607546824
CARERATING.NS,1636.695263,,breakeven,40,,,,,,,,,0.825184096
NCC.NS,211.9627186,,disaster,40,,,,,,,,,-2.303322258
MMTC.NS,64.51255979,,breakeven,50,,,,,,,,,0.596542265
BAJAJHCARE.NS,431.3009437,,disaster,40,,,,,,,,,-2.947581101
ABFRL.NS,-30.14750116,,disaster,40,,,,,,,,,-137.1046168
RBLBANK.NS,294.4840383,,stellar,50,,,,,,,,,16.32788677
INDOSTAR.NS,262.3720031,,disaster,45,,,,,,,,,-3.076471636
SERVOTECH.NS,127.1518692,,breakeven,35,,,,,,,,,1.851868697
RTNPOWER.NS,15.14026606,,stellar,35,,,,,,,,,23.6949865
CENTENKA.NS,543.121441,,stellar,40,,,,,,,,,8.635149062
VINDHYATEL.NS,1489.792267,,loss,45,,,,,,,,,-1.82588024
SAMBHV.NS,-53.30349928,,disaster,40,,,,,,,,,-141.1419422
WINDLAS.NS,959.8940948,,disaster,40,,,,,,,,,-5.134741515
SCILAL.NS,49.38876036,,loss,55,,,,,,,,,-0.566212642
KTKBANK.NS,153.9686793,,disaster,55,,,,,,,,,-10.72209597
NUVOCO.NS,486.4136064,,profit,35,,,,,,,,,6.354782961
RATNAMANI.NS,2163.324345,,disaster,40,,,,,,,,,-10.61381749
ACMESOLAR.NS,304.896754,,profit,40,,,,,,,,,4.847581438
ORISSAMINE.NS,4489.623907,,disaster,50,,,,,,,,,-9.089320509
ZUARI.NS,356.2768299,,disaster,45,,,,,,,,,-5.346217934
AKUMS.NS,512.3898139,,profit,40,,,,,,,,,6.736762201
PRECAM.NS,200.6963199,,stellar,40,,,,,,,,,10.61915229
WONDERLA.NS,591.0542979,,disaster,55,,,,,,,,,-7.698239952
ASTEC.NS,983.3612749,,stellar,40,,,,,,,,,8.959698053
CUPID.NS,200.2463745,,stellar,35,,,,,,,,,16.46293572
PCJEWELLER.NS,13.89304061,,breakeven,40,,,,,,,,,1.706008498
IGPL.NS,469.8602838,,breakeven,40,,,,,,,,,1.361297847
TMB.NS,423.7824198,,loss,55,,,,,,,,,-0.788382101
CPPLUS.NS,254.1555654,,disaster,40,,,,,,,,,-81.31827157
HLEGLAS.NS,503.9254791,,disaster,35,,,,,,,,,-3.693171704
FUSION.NS,140.8204295,,disaster,40,,,,,,,,,-15.77221875
QPOWER.NS,785.3911544,,loss,35,,,,,,,,,-0.419533119
CLEAN.NS,1133.371468,,loss,55,,,,,,,,,-1.770547725
TATVA.NS,1229.876301,,stellar,35,,,,,,,,,11.0798731
SABTNL.NS,1271.207594,,stellar,50,,,,,,,,,15.92791366
MAHLOG.NS,364.5638622,,stellar,40,,,,,,,,,11.41926915
METROPOLIS.NS,2310.544451,,profit,35,,,,,,,,,6.501242254
BHAGCHEM.NS,289.6649053,,profit,35,,,,,,,,,3.2673459
INOXGREEN.NS,167.1848117,,stellar,35,,,,,,,,,10.01171966
SAURASHCEM.NS,126.8273166,,profit,35,,,,,,,,,6.060641112
CENTUM.NS,2664.37632,,disaster,35,,,,,,,,,-2.80964418
ESAFSFB.NS,31.11092415,,profit,50,,,,,,,,,5.568119686
RESPONIND.NS,230.1815559,,stellar,40,,,,,,,,,14.0189966
VSTIND.NS,274.5046655,,loss,50,,,,,,,,,-0.595809698
POWERMECH.NS,3156.182574,,loss,40,,,,,,,,,-1.245851886
SAFARI.NS,2016.190059,,breakeven,35,,,,,,,,,0.113711426
KRBL.NS,470.3128537,,loss,40,,,,,,,,,-0.631129132
SOBHA.NS,1625.281633,,stellar,35,,,,,,,,,9.920307009
LEMONTREE.NS,158.6615617,,disaster,35,,,,,,,,,-6.366736751
CHEMPLASTS.NS,432.307742,,loss,40,,,,,,,,,-1.569278232
TINNARUBR.NS,-816.4651104,,disaster,40,,,,,,,,,-196.6173744
KRISHNADEF.NS,773.743305,,disaster,50,,,,,,,,,-2.65542822
CYIENTDLM.NS,458.7553401,,profit,35,,,,,,,,,2.986940742
ANDHRSUGAR.NS,83.45098517,,profit,50,,,,,,,,,5.340802688
APOLLO.NS,223.6482495,,disaster,35,,,,,,,,,-4.895285755
PRINCEPIPE.NS,340.9644654,,loss,35,,,,,,,,,-0.491909685
TANLA.NS,613.7633457,,loss,40,,,,,,,,,-1.758568123
AGI.NS,966.3795331,,profit,40,,,,,,,,,2.376134394
MOREPENLAB.NS,43.49439787,,disaster,40,,,,,,,,,-11.2902326
HONASA.NS,232.9034722,,disaster,35,,,,,,,,,-22.37844305
TARC.NS,168.6553589,,profit,40,,,,,,,,,6.319960754
EMUDHRA.NS,710.3371491,,disaster,45,,,,,,,,,-5.206222432
BEPL.NS,106.5057273,,loss,50,,,,,,,,,-0.610560244
KRSNAA.NS,924.6097399,,stellar,40,,,,,,,,,14.26925935
SUMEETINDS.NS,129.6349077,,stellar,45,,,,,,,,,14.47802028
SHRIPISTON.NS,2502.907863,,disaster,40,,,,,,,,,-4.542034219
PARACABLES.NS,50.79780352,,profit,40,,,,,,,,,4.522232755
SOLARA.NS,702.9762388,,stellar,35,,,,,,,,,11.30086542
PSPPROJECT.NS,795.4327831,,stellar,35,,,,,,,,,18.50905374
HCG.NS,654.518935,,disaster,35,,,,,,,,,-3.420551392
SPECTRUM.NS,1566.024802,,stellar,35,,,,,,,,,7.364927175
JWL.NS,323.9187012,,disaster,40,,,,,,,,,-4.981312115
RIIL.NS,860.8012612,,disaster,45,,,,,,,,,-4.836518396
PUNJABCHEM.NS,1442.236274,,stellar,40,,,,,,,,,19.81692553
SPMLINFRA.NS,319.2148581,,stellar,40,,,,,,,,,14.55764044
DALMIASUG.NS,321.090592,,disaster,45,,,,,,,,,-15.82367763
BEML.NS,4303.241081,,profit,35,,,,,,,,,6.679583249
GABRIEL.NS,1379.12216,,stellar,35,,,,,,,,,15.6108753
GREENPANEL.NS,299.9505158,,stellar,35,,,,,,,,,13.44573476
JINDALPOLY.NS,558.7055772,,profit,40,,,,,,,,,6.684278051
NEWGEN.NS,870.8209352,,breakeven,40,,,,,,,,,0.504463379
MAHLIFE.NS,375.5838729,,stellar,35,,,,,,,,,8.29985181
MARATHON.NS,735.0558849,,stellar,40,,,,,,,,,13.61865229
BFUTILITIE.NS,812.3132605,,loss,50,,,,,,,,,-0.683061956
DIAMONDYD.NS,895.8403346,,loss,40,,,,,,,,,-1.986834288
BORORENEW.NS,610.9515745,,stellar,40,,,,,,,,,7.780118333
RAMASTEEL.NS,10.58416819,,breakeven,35,,,,,,,,,1.380925404
MHRIL.NS,361.1656805,,loss,35,,,,,,,,,-0.230474988
GEOJITFSL.NS,56.15453826,,disaster,40,,,,,,,,,-23.55766545
DAMCAPITAL.NS,203.6680331,,disaster,40,,,,,,,,,-9.109232677
MBEL.NS,-103.4861059,,disaster,40,,,,,,,,,-122.245508
SURAKSHA.NS,283.5855615,,disaster,40,,,,,,,,,-9.757975652
BALAMINES.NS,1773.069425,,stellar,50,,,,,,,,,15.73560214
KIRIINDUS.NS,533.6575933,,loss,40,,,,,,,,,-1.211110468
OPTIEMUS.NS,591.699072,,breakeven,35,,,,,,,,,0.817694227
RELAXO.NS,481.2969973,,breakeven,35,,,,,,,,,0.932576519
SPLPETRO.NS,862.5793487,,stellar,40,,,,,,,,,8.493725163
RPTECH.NS,285.9041012,,breakeven,45,,,,,,,,,1.044032128
SEAMECLTD.NS,754.8074473,,disaster,40,,,,,,,,,-15.92699292
VESUVIUS.NS,482.8736661,,disaster,50,,,,,,,,,-9.080457863
BCLIND.NS,44.40817001,,profit,40,,,,,,,,,6.112715966
LAXMIDENTL.NS,440.0006787,,stellar,35,,,,,,,,,25.76837816
HINDWAREAP.NS,320.5503231,,stellar,40,,,,,,,,,7.820496571
ICEMAKE.NS,717.1372725,,disaster,35,,,,,,,,,-3.370309386
MAHSCOOTER.NS,16348.72162,,profit,45,,,,,,,,,4.893632865
MAHSEAMLES.NS,697.8127921,,profit,55,,,,,,,,,4.462992833
MANAKCOAT.NS,181.2114501,,stellar,40,,,,,,,,,19.06922086
FINEORG.NS,5525.606459,,stellar,55,,,,,,,,,15.51388019
UNIMECH.NS,920.0253864,,disaster,35,,,,,,,,,-14.99350042
SIYSIL.NS,703.7847428,,stellar,40,,,,,,,,,14.5762707
DOLATALGO.NS,80.69236145,,loss,45,,,,,,,,,-1.594681163
CREST.NS,363.5333186,,disaster,40,,,,,,,,,-3.018990871
DPABHUSHAN.NS,1613.076804,,breakeven,40,,,,,,,,,0.975073815
INDIGRID.NS,164.5254353,,profit,50,,,,,,,,,3.345124653
ANANTRAJ.NS,569.7589548,,profit,40,,,,,,,,,4.141652387
MGL.NS,1356.340258,,profit,40,,,,,,,,,2.203321742
BSHSL.NS,141.9186322,,profit,35,,,,,,,,,2.298447784
SUNFLAG.NS,329.6227232,,stellar,40,,,,,,,,,12.9425103
PDMJEPAPER.NS,130.712961,,loss,40,,,,,,,,,-1.385923824
BCG.NS,17.32808059,,profit,55,,,,,,,,,4.448947761
ROLEXRINGS.NS,1282.394157,,disaster,40,,,,,,,,,-7.455134448
JKIL.NS,700.0527972,,stellar,40,,,,,,,,,7.758450071
RADHIKAJWE.NS,88.74386847,,disaster,40,,,,,,,,,-10.774312
ORCHPHARMA.NS,714.779263,,disaster,40,,,,,,,,,-7.435994336
NFL.NS,93.33160076,,disaster,40,,,,,,,,,-4.947959632
AHLUCONT.NS,1076.227738,,stellar,40,,,,,,,,,15.47507913
NILKAMAL.NS,1585.909856,,breakeven,40,,,,,,,,,0.221804304
DCMSRIND.NS,163.4220875,,breakeven,40,,,,,,,,,1.290499077
CAPLIPOINT.NS,2111.802789,,disaster,55,,,,,,,,,-2.596619436
CRAFTSMAN.NS,6946.129368,,breakeven,35,,,,,,,,,1.804622127
DCMSHRIRAM.NS,1575.304337,,stellar,40,,,,,,,,,24.5103065
DBL.NS,462.8128726,,loss,45,,,,,,,,,-1.319216933
CARBORUNIV.NS,909.7765364,,loss,35,,,,,,,,,-1.820912701
RAJRATAN.NS,311.6552172,,disaster,40,,,,,,,,,-4.253389501
SOUTHBANK.NS,30.2392159,,breakeven,55,,,,,,,,,1.134502641
CHENNPETRO.NS,710.3859248,,stellar,40,,,,,,,,,7.764853097
SCODATUBES.NS,-100.4599992,,disaster,35,,,,,,,,,-158.7107702
NIITLTD.NS,91.00090941,,disaster,50,,,,,,,,,-19.06714031
ADFFOODS.NS,235.0797467,,profit,40,,,,,,,,,2.893047439
HEMIPROP.NS,129.7418584,,disaster,40,,,,,,,,,-5.027554452
BALAJITELE.NS,110.170931,,stellar,40,,,,,,,,,21.05365171
ZOTA.NS,1454.938719,,stellar,50,,,,,,,,,14.58917655
NESCO.NS,1655.570516,,stellar,55,,,,,,,,,14.54856845
MASTEK.NS,2736.004111,,stellar,40,,,,,,,,,9.857623421
MANGCHEFER.NS,398.1056928,,stellar,40,,,,,,,,,12.30061857
JTLIND.NS,73.0230231,,disaster,40,,,,,,,,,-3.879133961
MCLOUD.NS,95.97535969,,stellar,40,,,,,,,,,14.59744441
KSB.NS,841.0443803,,profit,50,,,,,,,,,3.819825415
DOLLAR.NS,363.8587204,,loss,40,,,,,,,,,-1.232701834
WALCHANNAG.NS,205.6297614,,stellar,40,,,,,,,,,11.03718273
MEDIASSIST.NS,551.0005785,,disaster,40,,,,,,,,,-2.053045869
PNCINFRA.NS,320.5338444,,profit,40,,,,,,,,,3.699074102
CAMS.NS,3837.174963,,loss,40,,,,,,,,,-1.73687675
UNIENTER.NS,148.2208308,,disaster,50,,,,,,,,,-3.546019051
MONARCH.NS,360.1810063,,stellar,40,,,,,,,,,7.709633026
SIRCA.NS,524.0515981,,stellar,50,,,,,,,,,14.2097834
ANDHRAPAP.NS,74.38400026,,breakeven,40,,,,,,,,,0.546089333
GUJALKALI.NS,540.1672538,,disaster,40,,,,,,,,,-5.984289394
SANGAMIND.NS,424.8067084,,stellar,35,,,,,,,,,16.93000899
ASKAUTOLTD.NS,535.7336095,,profit,40,,,,,,,,,4.676362305
NPST.NS,2060.232629,,disaster,35,,,,,,,,,-12.06484636
VMARCIND.NS,542.9050659,,stellar,50,,,,,,,,,13.3176913
UTIAMC.NS,1477.178095,,stellar,40,,,,,,,,,7.31406426
ICIL.NS,251.1794894,,breakeven,40,,,,,,,,,0.01174417
GENUSPOWER.NS,379.4554106,,profit,40,,,,,,,,,5.771543019
MINDACORP.NS,477.7917196,,disaster,40,,,,,,,,,-5.918733126
IONEXCHANG.NS,427.2863752,,disaster,50,,,,,,,,,-3.948214161
SALASAR.NS,6.297143551,,disaster,35,,,,,,,,,-19.78160984
SHANKARA.NS,1216.257947,,stellar,40,,,,,,,,,17.7973799
5PAISA.NS,359.6998352,,disaster,40,,,,,,,,,-2.520369864
SESHAPAPER.NS,268.3309257,,profit,40,,,,,,,,,2.046363677
INNOVACAP.NS,927.4703664,,breakeven,40,,,,,,,,,1.76884745
HAPPSTMNDS.NS,585.8279597,,loss,50,,,,,,,,,-1.009129466
SHK.NS,238.0292565,,profit,40,,,,,,,,,5.790780647
PATELENG.NS,34.48727567,,disaster,40,,,,,,,,,-11.68431155
SJS.NS,1391.82787,,breakeven,40,,,,,,,,,0.937547689
LLOYDSENGG.NS,82.07112366,,stellar,35,,,,,,,,,19.13358163
CENTURYPLY.NS,712.6081548,,disaster,35,,,,,,,,,-3.388262148
APTUS.NS,356.1528173,,profit,40,,,,,,,,,2.949213684
AEROFLEX.NS,204.7010769,,stellar,55,,,,,,,,,13.08827306
BGRENERGY.NS,129.7242076,,disaster,50,,,,,,,,,-24.88464975
MUFIN.NS,96.87011225,,stellar,35,,,,,,,,,10.1798388
PLATIND.NS,300.6665677,,stellar,40,,,,,,,,,9.572366777
GOPAL.NS,390.7298257,,stellar,40,,,,,,,,,7.787538115
AWHCL.NS,653.3309463,,stellar,40,,,,,,,,,10.3133721
UGROCAP.NS,166.5592202,,loss,40,,,,,,,,,-1.098974757
JKLAKSHMI.NS,1017.591546,,stellar,40,,,,,,,,,10.00395211
KRN.NS,958.368716,,breakeven,35,,,,,,,,,0.321231893
GRINDWELL.NS,1452.372328,,disaster,40,,,,,,,,,-7.539325008
LGBBROSLTD.NS,1253.694685,,disaster,40,,,,,,,,,-3.189599607
APLLTD.NS,997.9830872,,profit,40,,,,,,,,,2.399252231
ADVENZYMES.NS,332.1677464,,stellar,40,,,,,,,,,8.445236573
KITEX.NS,223.0903616,,stellar,35,,,,,,,,,12.79723075
INDIASHLTR.NS,955.7440957,,profit,40,,,,,,,,,5.659621755
OSWALPUMPS.NS,-6.725656086,,disaster,35,,,,,,,,,-100.769702
VAIBHAVGBL.NS,221.920806,,profit,40,,,,,,,,,2.065406546
DECCANCE.NS,1243.105205,,stellar,35,,,,,,,,,18.08732426
USHAMART.NS,400.7776362,,profit,40,,,,,,,,,6.307065315
ABLBL.NS,-89.16421959,,disaster,40,,,,,,,,,-162.4355585
GESHIP.NS,1023.833981,,profit,45,,,,,,,,,5.784368088
TIPSMUSIC.NS,567.4550226,,disaster,40,,,,,,,,,-2.432075917
SEPC.NS,7.639667239,,disaster,35,,,,,,,,,-35.63886005
MEDPLUS.NS,813.864013,,loss,35,,,,,,,,,-0.899359142
SAMMAANCAP.NS,137.6763937,,stellar,40,,,,,,,,,13.00697008
NELCAST.NS,196.1885245,,stellar,40,,,,,,,,,19.72205431
PILANIINVS.NS,5536.431659,,stellar,35,,,,,,,,,9.860733388
KOLTEPATIL.NS,420.2152231,,breakeven,40,,,,,,,,,0.734802643
AGARWALEYE.NS,493.874456,,stellar,35,,,,,,,,,8.388996511
REPCOHOME.NS,363.5254205,,loss,45,,,,,,,,,-1.014180926
SANDUMA.NS,457.8515318,,breakeven,40,,,,,,,,,1.869289001
KHAICHEM.NS,132.6205321,,stellar,40,,,,,,,,,22.43402182
KCP.NS,205.9584392,,breakeven,40,,,,,,,,,0.708251307
AMRUTANJAN.NS,641.6856605,,disaster,50,,,,,,,,,-8.585276823
SUNDROP.NS,811.017279,,disaster,50,,,,,,,,,-2.516104687
EKC.NS,144.3708449,,loss,40,,,,,,,,,-0.013265794
INDOTECH.NS,1691.006779,,disaster,40,,,,,,,,,-9.334255449
ROSSARI.NS,668.5627619,,profit,40,,,,,,,,,5.576432987
AGARIND.NS,907.2305216,,stellar,40,,,,,,,,,13.0646179
HEIDELBERG.NS,225.8339263,,profit,40,,,,,,,,,5.436259245
BANSALWIRE.NS,369.2715685,,loss,40,,,,,,,,,-0.546302002
RACLGEAR.NS,888.0059106,,disaster,40,,,,,,,,,-4.699943951
THELEELA.NS,-255.9647951,,disaster,35,,,,,,,,,-160.8498274
VRLLOG.NS,303.4200691,,stellar,40,,,,,,,,,8.908852266
BASF.NS,4918.601689,,profit,35,,,,,,,,,6.884303919
UTKARSHBNK.NS,20.36420881,,disaster,50,,,,,,,,,-4.884591534
FLAIR.NS,338.2436309,,stellar,40,,,,,,,,,8.394053565
MOIL.NS,336.4308978,,profit,50,,,,,,,,,2.026049383
GREENLAM.NS,248.8188152,,stellar,35,,,,,,,,,7.467203611
BAJAJINDEF.NS,540.0634352,,stellar,40,,,,,,,,,40.6964769
DVL.NS,353.232981,,breakeven,45,,,,,,,,,0.995848739
KIRLPNU.NS,1456.380761,,stellar,50,,,,,,,,,12.04652301
EUREKAFORB.NS,519.7609741,,disaster,45,,,,,,,,,-5.61812918
RAINBOW.NS,1619.442203,,profit,35,,,,,,,,,2.66528323
HONDAPOWER.NS,2924.092378,,breakeven,55,,,,,,,,,0.556844323
MAXIND.NS,232.0415107,,profit,40,,,,,,,,,5.713672304
ORIENTTECH.NS,330.3515775,,profit,40,,,,,,,,,6.239448299
PANACEABIO.NS,338.9837927,,disaster,35,,,,,,,,,-16.94627031
SANOFI.NS,4736.902323,,disaster,40,,,,,,,,,-9.436911898
IXIGO.NS,292.8166591,,profit,35,,,,,,,,,4.327731884
GPTHEALTH.NS,173.0070705,,stellar,40,,,,,,,,,9.727324455
JISLJALEQS.NS,43.8111048,,disaster,35,,,,,,,,,-11.74233413
VINCOFE.NS,181.7336935,,stellar,40,,,,,,,,,17.07382499
RUPA.NS,212.6871152,,profit,40,,,,,,,,,6.953190469
ICRA.NS,6280.502534,,breakeven,40,,,,,,,,,0.33553053
SBFC.NS,109.4108085,,disaster,40,,,,,,,,,-3.543323454
DENTA.NS,401.537423,,disaster,55,,,,,,,,,-5.163573747
BOMDYEING.NS,189.4213663,,profit,60,,,,,,,,,6.30899879
SMLISUZU.NS,5316.829049,,stellar,40,,,,,,,,,17.14947777
NIITMTS.NS,288.5233542,,disaster,40,,,,,,,,,-12.93803272
GOCLCORP.NS,398.9773058,,breakeven,40,,,,,,,,,0.434815806
NACLIND.NS,346.1280453,,stellar,40,,,,,,,,,21.94047486
GRPLTD.NS,2250.135023,,loss,40,,,,,,,,,-1.599026042
CONFIPET.NS,42.52247874,,disaster,40,,,,,,,,,-14.23461645
GRWRHITECH.NS,3330.223479,,stellar,50,,,,,,,,,11.72996611
REGAAL.NS,42.18013408,,disaster,40,,,,,,,,,-66.00569515
CSBBANK.NS,450.085916,,stellar,50,,,,,,,,,11.68385013
IRMENERGY.NS,270.3942305,,disaster,40,,,,,,,,,-2.367135359
GALLANTT.NS,803.6256896,,stellar,40,,,,,,,,,30.59652579
BIRET.NS,326.9170081,,breakeven,45,,,,,,,,,1.662779703
UJJIVANSFB.NS,42.07397974,,disaster,50,,,,,,,,,-3.742894946
JLHL.NS,1437.044399,,profit,40,,,,,,,,,2.273462634
AVTNPL.NS,77.19054971,,profit,40,,,,,,,,,5.437167974
IDEAFORGE.NS,432.7262736,,disaster,40,,,,,,,,,-13.28999415
RAIN.NS,154.5332102,,profit,40,,,,,,,,,3.922806539
KELLTONTEC.NS,31.30357139,,stellar,40,,,,,,,,,21.28466501
BLS.NS,371.1633788,,breakeven,40,,,,,,,,,0.818520984
MBAPL.NS,519.4978863,,stellar,35,,,,,,,,,16.87241536
GPIL.NS,201.1758372,,disaster,40,,,,,,,,,-15.68843021
AGIIL.NS,1259.850092,,stellar,40,,,,,,,,,7.504912211
PARKHOTELS.NS,159.8853726,,profit,40,,,,,,,,,4.295740001
HFCL.NS,65.99942907,,disaster,35,,,,,,,,,-10.3512271
NATCOPHARM.NS,1013.940195,,stellar,45,,,,,,,,,14.90058149
KFINTECH.NS,1257.668398,,stellar,35,,,,,,,,,11.67363276
BBOX.NS,507.8475513,,profit,40,,,,,,,,,5.933992024
SANGHIIND.NS,71.07446867,,stellar,40,,,,,,,,,7.770237992
ELECON.NS,493.8637633,,disaster,40,,,,,,,,,-11.199543
KIRLOSENG.NS,983.8700133,,profit,40,,,,,,,,,3.685318574
STLTECH.NS,163.1719874,,stellar,40,,,,,,,,,25.04558246
MAXESTATES.NS,478.29004,,profit,35,,,,,,,,,4.111895165
MAMATA.NS,553.7390034,,stellar,40,,,,,,,,,33.67266227
MOTISONS.NS,21.8292354,,stellar,40,,,,,,,,,8.819720741
FINPIPE.NS,186.2697805,,disaster,40,,,,,,,,,-12.0206974
INDIANHUME.NS,381.9648303,,breakeven,45,,,,,,,,,0.928740386
BALUFORGE.NS,575.5024368,,disaster,50,,,,,,,,,-9.183773754
ORIENTCEM.NS,188.9711494,,disaster,40,,,,,,,,,-20.50349414
MANINFRA.NS,184.0455642,,stellar,40,,,,,,,,,11.1050836
INDIACEM.NS,393.8984386,,profit,40,,,,,,,,,4.621099217
VENTIVE.NS,779.025611,,profit,35,,,,,,,,,3.877004914
ETHOSLTD.NS,2731.118678,,stellar,35,,,,,,,,,7.334198405
VGUARD.NS,377.6874283,,breakeven,35,,,,,,,,,1.35178705
VPRPL.NS,169.7182691,,stellar,40,,,,,,,,,13.99668426
UFLEX.NS,529.3716728,,disaster,40,,,,,,,,,-2.903216992
INDRAMEDCO.NS,479.5387467,,profit,40,,,,,,,,,4.360989491
GREAVESCOT.NS,217.0687674,,profit,35,,,,,,,,,4.074775766
STEELXIND.NS,11.63516683,,stellar,40,,,,,,,,,19.9501759
AJMERA.NS,987.1621278,,stellar,40,,,,,,,,,10.27895893
RRKABEL.NS,1249.441828,,profit,40,,,,,,,,,2.767048694
MTNL.NS,51.35917491,,stellar,50,,,,,,,,,11.43236003
LTFOODS.NS,506.194626,,stellar,40,,,,,,,,,16.74230141
ABINFRA.NS,221.0322307,,stellar,40,,,,,,,,,13.98701795
HUBTOWN.NS,430.1524988,,stellar,40,,,,,,,,,24.44741976
GOODLUCK.NS,1095.431089,,disaster,40,,,,,,,,,-2.585052129
ENGINERSIN.NS,212.602609,,stellar,50,,,,,,,,,11.01384528
ECLERX.NS,4427.718437,,stellar,40,,,,,,,,,13.60406509
NAVNETEDUL.NS,150.6977341,,disaster,40,,,,,,,,,-4.075284399
PFOCUS.NS,185.0495383,,stellar,40,,,,,,,,,21.76714931
BELRISE.NS,18.75419384,,disaster,35,,,,,,,,,-87.20548942
IGARASHI.NS,583.3282547,,stellar,35,,,,,,,,,17.08716187
RATEGAIN.NS,456.3702716,,disaster,50,,,,,,,,,-7.813295046
MOSCHIP.NS,166.7131199,,disaster,35,,,,,,,,,-4.15481341
HEG.NS,550.8792272,,stellar,40,,,,,,,,,13.1866064
STEELCAS.NS,1205.59244,,stellar,50,,,,,,,,,10.28105502
VIPIND.NS,483.0243527,,stellar,40,,,,,,,,,12.31818775
LINCOLN.NS,563.1858102,,profit,50,,,,,,,,,2.295127173
QUICKHEAL.NS,296.3338319,,loss,55,,,,,,,,,-1.859970208
ALPEXSOLAR.NS,1439.867944,,stellar,50,,,,,,,,,10.03958301
JSWHL.NS,17852.99127,,loss,45,,,,,,,,,-0.772614099
CLSEL.NS,294.1049268,,profit,40,,,,,,,,,4.607836817
ANUP.NS,2306.119662,,breakeven,40,,,,,,,,,0.836014971
CANTABIL.NS,281.3902221,,stellar,40,,,,,,,,,9.320213182
DODLA.NS,1442.451956,,profit,40,,,,,,,,,6.856206354
RKFORGE.NS,555.4614393,,disaster,40,,,,,,,,,-2.959221594
PVRINOX.NS,1061.099854,,disaster,40,,,,,,,,,-6.19696784
SWELECTES.NS,632.9456656,,disaster,40,,,,,,,,,-15.86525643
GRAVITA.NS,1678.94565,,disaster,40,,,,,,,,,-2.805046535
GTLINFRA.NS,1.67906734,,stellar,50,,,,,,,,,9.742965467
JPPOWER.NS,23.23137442,,stellar,40,,,,,,,,,23.11273654
SHREEPUSHK.NS,424.4429358,,stellar,40,,,,,,,,,27.04068485
JAMNAAUTO.NS,97.85552328,,disaster,40,,,,,,,,,-4.241588271
MANYAVAR.NS,729.3072368,,disaster,40,,,,,,,,,-6.047376896
DSSL.NS,959.4517626,,disaster,40,,,,,,,,,-4.236776206
GODREJAGRO.NS,822.9396903,,stellar,40,,,,,,,,,10.30624003
SKYGOLD.NS,276.5084105,,disaster,40,,,,,,,,,-9.326643891
KMEW.NS,1839.355624,,disaster,40,,,,,,,,,-5.465607748
QUESS.NS,190.9985969,,disaster,35,,,,,,,,,-29.8830392
PRSMJOHNSN.NS,150.8817478,,breakeven,35,,,,,,,,,0.978282442
ITDCEM.NS,843.5175764,,stellar,40,,,,,,,,,10.53102921
BALMLAWRIE.NS,213.7929491,,disaster,40,,,,,,,,,-4.603565861
ALKYLAMINE.NS,2360.327482,,stellar,50,,,,,,,,,9.741836938
MTARTECH.NS,1394.126388,,disaster,35,,,,,,,,,-8.305290315
MPSLTD.NS,2421.191319,,stellar,50,,,,,,,,,9.705089234
REDINGTON.NS,266.7746136,,stellar,40,,,,,,,,,9.648421814
VASCONEQ.NS,55.97653282,,stellar,45,,,,,,,,,7.461187675
AZAD.NS,1500.193521,,disaster,35,,,,,,,,,-6.471725654
BLUEDART.NS,5775.476276,,loss,35,,,,,,,,,-0.671144957
TTKHLTCARE.NS,1180.770884,,profit,40,,,,,,,,,2.962228223
SATIN.NS,131.87691,,disaster,40,,,,,,,,,-6.330764797
VMART.NS,724.7690809,,disaster,35,,,,,,,,,-2.976026651
BLUEJET.NS,850.679034,,stellar,40,,,,,,,,,9.715491176
OSWALAGRO.NS,70.51221736,,disaster,55,,,,,,,,,-11.07047983
MAITHANALL.NS,1111.101163,,profit,45,,,,,,,,,2.217218337
KPEL.NS,392.9556165,,disaster,40,,,,,,,,,-9.540602656
BLUESTONE.NS,535.7829147,,loss,40,,,,,,,,,-1.934119404
ARISINFRA.NS,-131.4969799,,disaster,40,,,,,,,,,-191.3744539
FOSECOIND.NS,5671.626527,,disaster,50,,,,,,,,,-12.32607007
RALLIS.NS,429.852916,,stellar,40,,,,,,,,,13.70266629
RAMCOSYS.NS,403.4705948,,disaster,40,,,,,,,,,-7.162772872
INDIGOPNTS.NS,1275.415618,,stellar,40,,,,,,,,,12.52012512
FINOPB.NS,257.2381368,,disaster,50,,,,,,,,,-2.929004979
AETHER.NS,723.7030907,,disaster,35,,,,,,,,,-6.170996742
INDOAMIN.NS,151.3831816,,disaster,40,,,,,,,,,-3.201494855
BLKASHYAP.NS,72.06598553,,loss,35,,,,,,,,,-0.667150237
JYOTISTRUC.NS,16.25162791,,profit,40,,,,,,,,,2.59866005
ORIENTHOT.NS,134.6130628,,disaster,35,,,,,,,,,-3.634433063
SINDHUTRAD.NS,30.46050186,,stellar,35,,,,,,,,,27.71698691
LATENTVIEW.NS,433.3302622,,profit,40,,,,,,,,,3.198444515
NAZARA.NS,1451.242918,,stellar,35,,,,,,,,,25.43154002
BSOFT.NS,345.6328114,,disaster,40,,,,,,,,,-7.929457376
SMSPHARMA.NS,197.1866809,,disaster,40,,,,,,,,,-16.92156065
CAMPUS.NS,269.4772224,,breakeven,35,,,,,,,,,1.041323626
BOROSCI.NS,165.4543242,,stellar,35,,,,,,,,,18.40154406
EDELWEISS.NS,102.2390578,,stellar,40,,,,,,,,,8.927186423
ABDL.NS,568.9925843,,stellar,35,,,,,,,,,8.981538191
IFGLEXPOR.NS,251.177044,,disaster,35,,,,,,,,,-5.234085812
FIVESTAR.NS,607.6475674,,profit,40,,,,,,,,,3.209777896
EIMCOELECO.NS,2184.719734,,disaster,55,,,,,,,,,-2.341440308
YUKEN.NS,1042.006384,,profit,35,,,,,,,,,2.843108104
SGFIN.NS,-220.5994383,,disaster,40,,,,,,,,,-157.7258777
SHARDAMOTR.NS,1156.49122,,stellar,40,,,,,,,,,9.340197948
YATHARTH.NS,784.2196118,,stellar,50,,,,,,,,,9.504934029
GRAPHITE.NS,590.8748739,,stellar,40,,,,,,,,,10.0018332
MASFIN.NS,326.8387602,,profit,40,,,,,,,,,4.121939023
FCL.NS,255.8637245,,breakeven,55,,,,,,,,,0.319043904
MSTCLTD.NS,474.9114542,,profit,45,,,,,,,,,5.477280219
DIVGIITTS.NS,729.6564845,,stellar,50,,,,,,,,,8.838970456
AVL.NS,439.0666483,,disaster,35,,,,,,,,,-12.58006007
BFINVEST.NS,457.9631706,,disaster,50,,,,,,,,,-3.097087463
RAYMONDREL.NS,-878.6022378,,disaster,40,,,,,,,,,-237.7119495
RICOAUTO.NS,85.56152064,,disaster,40,,,,,,,,,-7.280535571
VISHNU.NS,537.6216965,,profit,40,,,,,,,,,3.74791275
CELLO.NS,551.342856,,profit,55,,,,,,,,,2.176219592
SYNCOMF.NS,15.69865307,,disaster,40,,,,,,,,,-9.361123876
LGHL.NS,875.286792,,stellar,35,,,,,,,,,27.98461189
IPL.NS,238.6674954,,profit,40,,,,,,,,,5.75014082
IKIO.NS,186.7636649,,disaster,35,,,,,,,,,-18.30468291
LUXIND.NS,1244.766837,,disaster,40,,,,,,,,,-4.425152507
NETWORK18.NS,64.0669372,,stellar,40,,,,,,,,,14.36439963
IEX.NS,112.2276989,,disaster,50,,,,,,,,,-22.02077522
UDS.NS,246.7608756,,disaster,40,,,,,,,,,-3.853153528
TRAVELFOOD.NS,-406.33907,,disaster,40,,,,,,,,,-133.2901096
RHIM.NS,519.1883024,,profit,35,,,,,,,,,6.751988467
POLYPLEX.NS,990.4402853,,disaster,40,,,,,,,,,-2.592417662
DIACABS.NS,189.2452187,,stellar,45,,,,,,,,,29.186437
SYRMA.NS,851.4504547,,stellar,35,,,,,,,,,14.14309817
ACE.NS,971.8234556,,loss,40,,,,,,,,,-1.377772328
RAJRILTD.NS,26.55957505,,profit,35,,,,,,,,,5.941664835
PRUDENT.NS,2966.432114,,profit,35,,,,,,,,,2.573724557
WAAREERTL.NS,-488.6960593,,disaster,40,,,,,,,,,-145.8482079
POCL.NS,1160.517121,,profit,40,,,,,,,,,6.060790827
HIKAL.NS,231.2965833,,disaster,40,,,,,,,,,-9.25987098
KALPATARU.NS,-262.7813388,,disaster,40,,,,,,,,,-168.0428095
SPANDANA.NS,240.5199203,,disaster,40,,,,,,,,,-3.230771539
CEIGALL.NS,260.4205707,,profit,50,,,,,,,,,3.173632954
SMCGLOBAL.NS,159.7154058,,stellar,40,,,,,,,,,17.78421728
GPTINFRA.NS,130.1736504,,stellar,40,,,,,,,,,11.12655887
GOLDIAM.NS,307.7220089,,disaster,40,,,,,,,,,-14.10411474
TIIL.NS,3353.141943,,stellar,40,,,,,,,,,21.33678101
INSECTICID.NS,1071.00479,,stellar,40,,,,,,,,,26.07472514
INGERRAND.NS,3845.035405,,breakeven,40,,,,,,,,,1.830967566
PICCADIL.NS,-408.0697427,,disaster,35,,,,,,,,,-168.4795647
WESTLIFE.NS,729.7343921,,profit,35,,,,,,,,,4.22543264
HAPPYFORGE.NS,973.8369121,,profit,40,,,,,,,,,2.671261162
TITAGARH.NS,846.3803678,,loss,40,,,,,,,,,-1.451895925
SUNDARMHLD.NS,538.3675909,,stellar,55,,,,,,,,,8.651380598
ASTRAMICRO.NS,867.7862595,,disaster,35,,,,,,,,,-13.97410067
SANOFICONR.NS,5038.174825,,disaster,35,,,,,,,,,-2.429027626
ROHLTD.NS,436.6298417,,disaster,40,,,,,,,,,-9.544265457
HARIOMPIPE.NS,503.7613103,,profit,40,,,,,,,,,2.682695472
RTNINDIA.NS,63.42980757,,stellar,40,,,,,,,,,20.45159088
DELTACORP.NS,81.2973215,,disaster,45,,,,,,,,,-7.616680114
SUNCLAY.NS,1555.821843,,disaster,40,,,,,,,,,-6.574082912
RAYMOND.NS,338.915735,,disaster,35,,,,,,,,,-45.43737879
GATEWAY.NS,69.05217549,,breakeven,45,,,,,,,,,0.177245292
HERANBA.NS,408.6886045,,stellar,40,,,,,,,,,10.11413478
AURUM.NS,186.4887263,,profit,40,,,,,,,,,5.170718838
HOMEFIRST.NS,1294.29734,,loss,40,,,,,,,,,-1.002193986
GARFIBRES.NS,851.3862142,,profit,40,,,,,,,,,4.477382338
OAL.NS,360.1958046,,profit,40,,,,,,,,,4.799473896
VENUSPIPES.NS,1398.822253,,stellar,40,,,,,,,,,7.271645198
HIRECT.NS,2108.274454,,stellar,35,,,,,,,,,27.54231422
SPARC.NS,132.5592273,,disaster,50,,,,,,,,,-9.25573274
WHIRLPOOL.NS,1338.466106,,profit,40,,,,,,,,,2.879792915
ORIANA.NS,2564.290511,,stellar,50,,,,,,,,,8.614961105
CAPACITE.NS,286.6447267,,disaster,40,,,,,,,,,-4.308216202
SKIPPER.NS,555.0000295,,profit,40,,,,,,,,,2.815865519
TRIVENI.NS,296.1614092,,disaster,40,,,,,,,,,-12.90650792
SURYODAY.NS,123.6182502,,disaster,50,,,,,,,,,-5.757221988
BBTC.NS,1838.270669,,breakeven,40,,,,,,,,,0.683022206
GENESYS.NS,577.9085969,,disaster,40,,,,,,,,,-3.100507507
QUADFUTURE.NS,340.5513032,,disaster,40,,,,,,,,,-17.0701794
JKPAPER.NS,372.0128785,,profit,40,,,,,,,,,6.685651128
DEEDEV.NS,336.9233874,,stellar,40,,,,,,,,,23.50564605
TRITURBINE.NS,619.2707846,,stellar,40,,,,,,,,,15.95745694
RAJOOENG.NS,-103.8771122,,disaster,55,,,,,,,,,-198.303316
GUJTHEM.NS,404.6349656,,breakeven,35,,,,,,,,,1.007229024
INOXINDIA.NS,1144.431338,,loss,40,,,,,,,,,-0.657001885
ITDC.NS,586.2974103,,profit,50,,,,,,,,,6.271052627
GKWLIMITED.NS,1920.928766,,stellar,55,,,,,,,,,8.563848723
GOKEX.NS,830.8335146,,stellar,40,,,,,,,,,10.10251014
SYMPHONY.NS,1004.699116,,profit,40,,,,,,,,,4.91845669
SWARAJENG.NS,4135.764611,,breakeven,55,,,,,,,,,0.103221849
CEATLTD.NS,3020.744298,,disaster,40,,,,,,,,,-5.14227359
IRCON.NS,172.9741623,,breakeven,40,,,,,,,,,1.042210306
NIBE.NS,1516.245452,,stellar,35,,,,,,,,,25.45469822
NUCLEUS.NS,952.5433443,,disaster,55,,,,,,,,,-8.899831045
GALAXYSURF.NS,2504.485265,,stellar,40,,,,,,,,,12.86040082
DDEVPLSTIK.NS,323.6052583,,loss,40,,,,,,,,,-0.444463776
DENTALKART.NS,596.7055644,,disaster,45,,,,,,,,,-2.848330756
INDIQUBE.NS,-91.65693964,,disaster,50,,,,,,,,,-140.3366375
GRMOVER.NS,409.9353923,,stellar,40,,,,,,,,,9.389030635
YASHO.NS,1880.768792,,stellar,35,,,,,,,,,10.60743148
AARTIPHARM.NS,924.4803647,,stellar,40,,,,,,,,,7.093004888
INDNIPPON.NS,870.6380559,,stellar,55,,,,,,,,,8.544830115
VEEDOL.NS,1616.034583,,loss,40,,,,,,,,,-1.419231691
CARRARO.NS,449.057367,,profit,40,,,,,,,,,5.313642913
PNGJL.NS,614.3924895,,profit,40,,,,,,,,,5.520393211
VADILALIND.NS,4357.488385,,disaster,40,,,,,,,,,-11.8095854
BLSE.NS,173.4953678,,disaster,40,,,,,,,,,-3.339816968
PREMEXPLN.NS,531.9083219,,loss,35,,,,,,,,,-1.031108037
INDOFARM.NS,254.0989425,,stellar,40,,,,,,,,,12.56764599
SHREDIGCEM.NS,88.02379199,,disaster,35,,,,,,,,,-7.049847067
BASILIC.NS,440.6593809,,disaster,50,,,,,,,,,-3.733614222
ASALCBR.NS,982.3913685,,disaster,40,,,,,,,,,-6.652285663
SOTL.NS,417.1763627,,profit,55,,,,,,,,,2.437412565
GLOBUSSPR.NS,1089.480422,,disaster,35,,,,,,,,,-12.75781715
AARTIDRUGS.NS,537.5335811,,stellar,40,,,,,,,,,11.27907975
IFBIND.NS,1509.651131,,profit,35,,,,,,,,,2.182963735
WELSPUNLIV.NS,119.0308813,,breakeven,40,,,,,,,,,0.295653043
DOMS.NS,2097.287103,,disaster,35,,,,,,,,,-15.22344534
TAJGVK.NS,402.3795924,,disaster,40,,,,,,,,,-8.373084831
UNIPARTS.NS,394.3694273,,disaster,40,,,,,,,,,-6.102517321
CRIZAC.NS,-165.9418755,,disaster,55,,,,,,,,,-147.1962095
JAIBALAJI.NS,97.72431637,,disaster,40,,,,,,,,,-4.687098869
ONEPOINT.NS,36.18337904,,disaster,40,,,,,,,,,-20.49356102
PRABHA.NS,251.5473444,,disaster,40,,,,,,,,,-2.026350755
SFL.NS,693.6379008,,loss,35,,,,,,,,,-1.092554852
TDPOWERSYS.NS,508.8119396,,loss,40,,,,,,,,,-1.764276929
WEBELSOLAR.NS,1444.88725,,stellar,40,,,,,,,,,9.015182101
BLUSPRING.NS,-34.33104359,,disaster,50,,,,,,,,,-142.2379972
SENCO.NS,338.213762,,disaster,40,,,,,,,,,-10.74976881
JINDWORLD.NS,25.48843626,,disaster,40,,,,,,,,,-29.39491041
WENDT.NS,11109.61434,,stellar,45,,,,,,,,,9.958077339
NRBBEARING.NS,305.6078731,,profit,40,,,,,,,,,2.364054801
BETA.NS,1911.879886,,loss,45,,,,,,,,,-1.002983264
PGEL.NS,642.9753055,,stellar,35,,,,,,,,,14.06338328
PGHL.NS,6587.666697,,breakeven,35,,,,,,,,,0.093697445
SDBL.NS,146.6134513,,profit,40,,,,,,,,,4.679033168
GULFOILLUB.NS,1197.17583,,disaster,40,,,,,,,,,-3.609031385
NSLNISP.NS,39.05163226,,breakeven,40,,,,,,,,,0.778405823
OLECTRA.NS,1562.650491,,breakeven,35,,,,,,,,,0.589024211
BANARISUG.NS,3499.035057,,disaster,40,,,,,,,,,-6.821604641
SUMMITSEC.NS,1946.735647,,disaster,50,,,,,,,,,-7.382095374
BRIGHOTEL.NS,-33.25040566,,disaster,35,,,,,,,,,-138.5065504
SAHANA.NS,1370.229603,,stellar,45,,,,,,,,,13.18131379
DPSCLTD.NS,13.10859054,,profit,35,,,,,,,,,6.228447125
VERANDA.NS,226.844206,,profit,40,,,,,,,,,2.426606194
HNDFDS.NS,538.6235062,,breakeven,35,,,,,,,,,1.857700193
MAPMYINDIA.NS,1724.01214,,loss,35,,,,,,,,,-0.323070989
KKCL.NS,594.8463581,,stellar,40,,,,,,,,,15.45930591
KSL.NS,980.4880161,,stellar,40,,,,,,,,,13.65999981
EMSLIMITED.NS,587.4257658,,profit,40,,,,,,,,,5.481368304
DOLPHIN.NS,518.2163728,,stellar,40,,,,,,,,,17.78983031
SIGACHI.NS,25.71302928,,disaster,40,,,,,,,,,-18.11137071
APCOTEXIND.NS,424.5639602,,stellar,40,,,,,,,,,7.839458237
SHALBY.NS,204.247476,,profit,40,,,,,,,,,2.994038869
STYLEBAAZA.NS,316.2676738,,breakeven,35,,,,,,,,,0.418371653
EIHAHOTELS.NS,407.4760402,,breakeven,50,,,,,,,,,1.349596462
GPPL.NS,157.0020565,,breakeven,40,,,,,,,,,0.603651755
STERTOOLS.NS,368.289012,,stellar,40,,,,,,,,,15.01842535
DEN.NS,38.94910229,,profit,55,,,,,,,,,6.944273058
TEXINFRA.NS,102.6176171,,profit,40,,,,,,,,,5.998987368
MIDHANI.NS,397.0461189,,breakeven,35,,,,,,,,,1.481436131
JSLL.NS,-176.3943577,,disaster,35,,,,,,,,,-124.495815
PROSTARM.NS,46.10685085,,disaster,35,,,,,,,,,-77.31631797
PROTEAN.NS,727.4095558,,disaster,40,,,,,,,,,-14.53300709
KANSAINER.NS,229.3164448,,loss,40,,,,,,,,,-1.420148904
JAGSNPHARM.NS,274.7087825,,stellar,40,,,,,,,,,16.87248626
ECOSMOBLTY.NS,289.3942523,,loss,40,,,,,,,,,-0.90934278
GMMPFAUDLR.NS,1398.909921,,stellar,35,,,,,,,,,14.56145677
IIFLCAPS.NS,289.2939568,,disaster,40,,,,,,,,,-10.28254122
DHANI.NS,69.77946895,,profit,35,,,,,,,,,6.97449848
SUPRIYA.NS,685.0875296,,loss,50,,,,,,,,,-0.647155147
SPAL.NS,765.31371,,profit,40,,,,,,,,,4.287488654
HATHWAY.NS,14.65680771,,loss,55,,,,,,,,,-0.631812107
NOCIL.NS,181.1118045,,loss,50,,,,,,,,,-1.553621063
WEL.NS,168.2636722,,stellar,35,,,,,,,,,16.64725975
RAILTEL.NS,331.3994296,,disaster,40,,,,,,,,,-6.516380923
PASHUPATI.NS,696.0956531,,breakeven,35,,,,,,,,,1.39776447
GNA.NS,297.6396731,,disaster,40,,,,,,,,,-5.391078401
AVANTIFEED.NS,581.8895386,,disaster,55,,,,,,,,,-9.468761014
SBCL.NS,599.029826,,stellar,40,,,,,,,,,12.68432157
INTELLECT.NS,1101.02082,,stellar,40,,,,,,,,,13.75356875
FAZE3Q.NS,623.9424792,,stellar,40,,,,,,,,,29.12716544
AVANTEL.NS,141.9575482,,disaster,35,,,,,,,,,-4.720086635
FDC.NS,497.6388469,,profit,50,,,,,,,,,4.843327367
TNPL.NS,160.0459338,,profit,40,,,,,,,,,4.237293747
CIFL.NS,-28.18413449,,disaster,35,,,,,,,,,-179.8870053
ARVIND.NS,283.7008072,,disaster,40,,,,,,,,,-3.519531037
WHEELS.NS,797.9900987,,profit,40,,,,,,,,,5.708050454
KNRCON.NS,203.0840728,,breakeven,45,,,,,,,,,1.74042995
ARKADE.NS,215.4555528,,stellar,40,,,,,,,,,17.70311348
SUNTECK.NS,384.9515717,,loss,40,,,,,,,,,-1.167760795
HMT.NS,60.00624534,,profit,50,,,,,,,,,6.772677095
INDOCO.NS,335.1242568,,stellar,40,,,,,,,,,19.87990393
IGIL.NS,299.8431665,,disaster,40,,,,,,,,,-14.52589027
EXPLEOSOL.NS,1285.876621,,stellar,40,,,,,,,,,21.74556719
FISCHER.NS,-160.6045296,,disaster,35,,,,,,,,,-115.4308726
KALAMANDIR.NS,201.3976528,,stellar,40,,,,,,,,,8.132967951
TIMETECHNO.NS,509.1032845,,profit,40,,,,,,,,,6.195930536
ZUARIIND.NS,299.2242464,,disaster,40,,,,,,,,,-12.34092836
SULA.NS,243.1684585,,disaster,40,,,,,,,,,-9.027882687
ALOKINDS.NS,19.68904452,,stellar,50,,,,,,,,,8.24103323
ISGEC.NS,1014.229653,,loss,40,,,,,,,,,-0.085737655
LXCHEM.NS,193.8579511,,disaster,35,,,,,,,,,-8.986877396
ROTO.NS,95.9495509,,stellar,40,,,,,,,,,14.03559733
JUBLINGREA.NS,785.7328771,,stellar,40,,,,,,,,,9.578535738
BIKAJI.NS,760.8691578,,loss,35,,,,,,,,,-1.205072565
VHL.NS,4114.674454,,stellar,55,,,,,,,,,8.101684081
EMIL.NS,130.7291373,,loss,40,,,,,,,,,-0.51812372
VIDHIING.NS,370.8411946,,breakeven,40,,,,,,,,,0.227349893
SPIC.NS,99.5339392,,disaster,40,,,,,,,,,-9.826108286
PFS.NS,40.47131469,,breakeven,45,,,,,,,,,1.001534821
UEL.NS,303.7792582,,disaster,40,,,,,,,,,-12.7948176
ELECTCAST.NS,105.05937,,breakeven,40,,,,,,,,,1.742560386
LOTUSDEV.NS,-156.3638895,,disaster,40,,,,,,,,,-181.5201978
FINCABLES.NS,814.3971662,,disaster,55,,,,,,,,,-4.132175845
MARKSANS.NS,181.9939168,,breakeven,40,,,,,,,,,1.130201156
ACCELYA.NS,1391.286907,,loss,40,,,,,,,,,-1.30616762
MUTHOOTMF.NS,169.7245649,,profit,40,,,,,,,,,6.530603249
MANINDS.NS,519.3610848,,stellar,40,,,,,,,,,28.47522196
TALBROAUTO.NS,278.1141356,,profit,40,,,,,,,,,3.234648075
GREENPLY.NS,327.3773286,,profit,40,,,,,,,,,6.256839371
ASIANENE.NS,323.1352942,,disaster,40,,,,,,,,,-4.665796545
VOLTAMP.NS,8867.782668,,stellar,55,,,,,,,,,7.860885097
AVALON.NS,928.1934321,,stellar,35,,,,,,,,,8.675033204
SASKEN.NS,1549.473411,,stellar,35,,,,,,,,,7.939631588
VARROC.NS,568.9839995,,profit,35,,,,,,,,,3.132859685
MMFL.NS,325.4644853,,profit,40,,,,,,,,,2.122520505
MOLDTKPAC.NS,869.9993828,,stellar,40,,,,,,,,,9.792952551
STAR.NS,854.0662359,,loss,40,,,,,,,,,-1.321058819
JAICORPLTD.NS,114.0841773,,disaster,50,,,,,,,,,-11.83602575
SHAKTIPUMP.NS,895.2537695,,profit,40,,,,,,,,,5.672067585
LLOYDSENT.NS,98.78390087,,stellar,40,,,,,,,,,37.25705043
CIGNITITEC.NS,1768.54299,,stellar,40,,,,,,,,,7.627984594
SHOPERSTOP.NS,521.5530288,,disaster,35,,,,,,,,,-4.135090428
WELENT.NS,500.7778654,,profit,40,,,,,,,,,6.186992975
PTC.NS,183.6207688,,disaster,45,,,,,,,,,-2.204530154
SANDHAR.NS,484.9743965,,stellar,40,,,,,,,,,10.47252767
MSPL.NS,30.83712575,,disaster,40,,,,,,,,,-2.875194486
IRBINVIT.NS,65.91159555,,profit,50,,,,,,,,,4.257504397
HCC.NS,27.78283906,,breakeven,40,,,,,,,,,1.805929365
JMFINANCIL.NS,198.3743523,,profit,40,,,,,,,,,2.773986069
PRAKASH.NS,164.2851505,,breakeven,45,,,,,,,,,1.366781696
CANFINHOME.NS,744.0229473,,disaster,40,,,,,,,,,-3.342260826
TARIL.NS,536.532876,,stellar,35,,,,,,,,,7.532390603
RPSGVENT.NS,884.0772596,,disaster,40,,,,,,,,,-3.167879557
MATRIMONY.NS,507.6938686,,loss,40,,,,,,,,,-0.841041292
MAYURUNIQ.NS,557.7042107,,profit,50,,,,,,,,,2.793147776
CONTROLPR.NS,825.68523,,profit,40,,,,,,,,,6.512540897
ESFL.NS,392.3677922,,disaster,50,,,,,,,,,-5.578677972
AUTOAXLES.NS,1746.481993,,loss,40,,,,,,,,,-1.284080892
COSMOFIRST.NS,1366.105089,,stellar,40,,,,,,,,,33.89249293
VENKEYS.NS,1316.146233,,disaster,40,,,,,,,,,-12.63549734
PRICOLLTD.NS,454.6514792,,breakeven,40,,,,,,,,,1.462056022
MANORAMA.NS,1607.424837,,stellar,35,,,,,,,,,13.67926714
SANSERA.NS,1354.313696,,profit,40,,,,,,,,,4.378704899
RAJESHEXPO.NS,179.797506,,disaster,35,,,,,,,,,-3.303483015
SUBROS.NS,949.5920382,,stellar,40,,,,,,,,,9.167335152
POKARNA.NS,900.6858133,,disaster,40,,,,,,,,,-5.126050825
RISHABH.NS,346.8331386,,disaster,40,,,,,,,,,-19.22842488
JINDRILL.NS,601.2086622,,disaster,45,,,,,,,,,-2.991744698
BIRLANU.NS,-1253.175108,,disaster,40,,,,,,,,,-165.7144787
JASH.NS,575.4429218,,profit,40,,,,,,,,,6.023569193
SAMHI.NS,239.1989167,,stellar,40,,,,,,,,,14.46567225
JAGRAN.NS,71.72320079,,loss,40,,,,,,,,,-1.234924162
SANSTAR.NS,88.03589729,,profit,40,,,,,,,,,4.992127477
PENIND.NS,274.601837,,profit,40,,,,,,,,,6.653915306
SURYAROSNI.NS,305.3688655,,profit,50,,,,,,,,,3.060708098
KOKUYOCMLN.NS,100.0480452,,disaster,40,,,,,,,,,-14.11447591
INFIBEAM.NS,13.16071694,,disaster,40,,,,,,,,,-17.28021957
VIJAYA.NS,1119.305425,,stellar,35,,,,,,,,,9.617613512
ASHOKA.NS,182.4997115,,breakeven,45,,,,,,,,,0.153501411
AXISCADES.NS,1576.847596,,stellar,35,,,,,,,,,29.70697204
NEOGEN.NS,1474.488248,,profit,35,,,,,,,,,3.291646103
EXICOM.NS,158.0393601,,stellar,40,,,,,,,,,9.72669681
BAJAJHIND.NS,24.90567092,,stellar,40,,,,,,,,,17.81301625
GANDHAR.NS,153.8686518,,profit,40,,,,,,,,,2.33350041
KIRLOSIND.NS,4781.840682,,stellar,40,,,,,,,,,24.39752034
SAPPHIRE.NS,324.8714559,,loss,35,,,,,,,,,-0.650930905
RGL.NS,112.0633994,,disaster,40,,,,,,,,,-2.298690133
TFCILTD.NS,338.2102863,,stellar,40,,,,,,,,,9.435463422
ASHAPURMIN.NS,615.9355087,,stellar,40,,,,,,,,,26.00972261
INFOBEAN.NS,700.7477965,,profit,40,,,,,,,,,3.500156429
ELLEN.NS,-444.8595905,,disaster,40,,,,,,,,,-184.3495582
SIGNPOST.NS,278.2950304,,loss,40,,,,,,,,,-1.829046266
NELCO.NS,918.5292082,,stellar,35,,,,,,,,,9.244674303
E2E.NS,2101.365425,,disaster,35,,,,,,,,,-10.34365642
JKTYRE.NS,307.3614223,,disaster,40,,,,,,,,,-5.412706327
DCAL.NS,284.4169462,,profit,40,,,,,,,,,6.066363116
DHANBANK.NS,27.0590018,,loss,55,,,,,,,,,-0.151286286
AFCONS.NS,404.9723368,,disaster,40,,,,,,,,,-6.028002013
TIRUMALCHM.NS,314.3428021,,stellar,40,,,,,,,,,11.21273976
HEUBACHIND.NS,581.9414299,,loss,40,,,,,,,,,-1.566065996
DYCL.NS,531.7755396,,stellar,40,,,,,,,,,17.1957112
RAMCOIND.NS,315.9263789,,profit,40,,,,,,,,,2.840614037
ESABINDIA.NS,5556.477519,,profit,40,,,,,,,,,2.395236693
AFSL.NS,264.2903063,,stellar,45,,,,,,,,,19.5775501
KRISHANA.NS,616.7288702,,profit,40,,,,,,,,,2.455163664
PNBGILTS.NS,106.6205415,,breakeven,45,,,,,,,,,1.970680985
GMDCLTD.NS,452.662094,,profit,40,,,,,,,,,5.935433395
ATHERENERG.NS,50.91955011,,disaster,40,,,,,,,,,-87.79639302
VINATIORGA.NS,1701.863124,,breakeven,40,,,,,,,,,1.579509314
HESTERBIO.NS,2103.930652,,profit,40,,,,,,,,,4.211730451
AYMSYNTEX.NS,191.1498783,,loss,35,,,,,,,,,-0.721987663
AEROENTER.NS,-64.62829491,,disaster,40,,,,,,,,,-170.5703141
KARNIKA.NS,705.3820039,,disaster,50,,,,,,,,,-19.2926769
DCBBANK.NS,121.7241158,,loss,55,,,,,,,,,-0.364968757
ALLCARGO.NS,34.27488233,,breakeven,50,,,,,,,,,1.675714226
GTPL.NS,122.5476892,,profit,40,,,,,,,,,4.786397905
REDTAPE.NS,123.7703052,,loss,40,,,,,,,,,-0.514185709
SHILPAMED.NS,868.8334751,,breakeven,35,,,,,,,,,1.987727451
RENUKA.NS,28.22309439,,disaster,50,,,,,,,,,-2.74605808
FILATEX.NS,55.94129786,,profit,40,,,,,,,,,5.2121493
EMBDL.NS,116.4347163,,stellar,40,,,,,,,,,16.79678345
KSCL.NS,906.2155255,,disaster,50,,,,,,,,,-22.21325962
FAIRCHEMOR.NS,936.7741558,,stellar,35,,,,,,,,,13.63791879
ATUL.NS,6194.042154,,disaster,40,,,,,,,,,-4.670378545
TCPLPACK.NS,3231.572271,,disaster,40,,,,,,,,,-6.3990653
DIGITIDE.NS,-167.4102125,,disaster,50,,,,,,,,,-180.9801267
HGS.NS,569.4895504,,profit,40,,,,,,,,,4.092410137
GMBREW.NS,678.1745609,,loss,40,,,,,,,,,-0.305099461
WCIL.NS,128.1102131,,loss,40,,,,,,,,,-1.966467457
SIMPLEXINF.NS,268.3071051,,disaster,35,,,,,,,,,-11.62480245
DCW.NS,74.11431275,,disaster,35,,,,,,,,,-6.891565107
RPEL.NS,597.1938395,,breakeven,35,,,,,,,,,0.309710925
ZAGGLE.NS,397.8796589,,loss,35,,,,,,,,,-1.209271528
CARTRADE.NS,2684.367074,,stellar,35,,,,,,,,,14.38901991
NEULANDLAB.NS,14051.16755,,breakeven,35,,,,,,,,,1.174881554
BAJAJELEC.NS,562.8832131,,disaster,35,,,,,,,,,-3.640642033
STANLEY.NS,308.6179106,,breakeven,35,,,,,,,,,0.151847054
RSYSTEMS.NS,460.2519523,,profit,40,,,,,,,,,3.149246919
RBA.NS,79.80863037,,loss,40,,,,,,,,,-0.450751914
DCXINDIA.NS,231.3212501,,disaster,50,,,,,,,,,-13.37904487
HERITGFOOD.NS,493.2486155,,profit,40,,,,,,,,,4.523971576
EFCIL.NS,347.4501751,,profit,40,,,,,,,,,3.116237591
TAC.NS,948.3683247,,disaster,50,,,,,,,,,-8.365779074
IMPAL.NS,1068.566475,,breakeven,50,,,,,,,,,1.826419879
BIRLACORPN.NS,1375.559058,,profit,40,,,,,,,,,6.155194146
ASIANTILES.NS,63.8963903,,profit,40,,,,,,,,,2.975650424
PARAS.NS,797.9049238,,stellar,35,,,,,,,,,16.67835816
SHRIRAMPPS.NS,85.98445851,,disaster,40,,,,,,,,,-4.088726103
HGINFRA.NS,975.1697401,,disaster,40,,,,,,,,,-2.463517503
LMW.NS,14452.24567,,disaster,45,,,,,,,,,-4.498475717
ATULAUTO.NS,416.0548698,,disaster,35,,,,,,,,,-6.735067448
JUNIPER.NS,295.4198287,,loss,35,,,,,,,,,-0.431474024
UNIECOM.NS,123.9807594,,disaster,35,,,,,,,,,-11.97048951
V2RETAIL.NS,1908.632594,,stellar,35,,,,,,,,,10.91541956
RML.NS,867.0817113,,disaster,35,,,,,,,,,-2.58603134
SHREMINVIT.NS,107.5134037,,breakeven,55,,,,,,,,,0.951552736
WABAG.NS,1638.495148,,profit,40,,,,,,,,,2.946417006
VTL.NS,407.4261786,,loss,40,,,,,,,,,-1.76584001
EPACK.NS,343.160575,,disaster,35,,,,,,,,,-10.89052986
BANCOINDIA.NS,749.4069932,,stellar,40,,,,,,,,,29.06345677
GREENPOWER.NS,15.20495448,,profit,40,,,,,,,,,6.62660753
AJAXENGG.NS,732.2332753,,stellar,55,,,,,,,,,7.705126371
ZEEL.NS,122.7978638,,loss,40,,,,,,,,,-0.632900133
OMINFRAL.NS,133.7070729,,stellar,35,,,,,,,,,22.73459691
MOL.NS,94.31354364,,stellar,35,,,,,,,,,8.995198162
GALAPREC.NS,885.4012412,,profit,40,,,,,,,,,5.93458413
SEQUENT.NS,171.5188449,,disaster,35,,,,,,,,,-2.462986084
JUSTDIAL.NS,841.6180916,,breakeven,40,,,,,,,,,0.834848974
RUSTOMJEE.NS,712.2315428,,stellar,35,,,,,,,,,9.473035591
ROSSTECH.NS,806.4104157,,stellar,35,,,,,,,,,18.22466567
SAKSOFT.NS,231.436673,,profit,40,,,,,,,,,5.95947028
TECHNOE.NS,1614.645777,,profit,40,,,,,,,,,4.507817279
KROSS.NS,209.0618677,,stellar,40,,,,,,,,,10.55040297
STYRENIX.NS,2730.28675,,profit,40,,,,,,,,,5.011028832
UNITECH.NS,7.943488784,,stellar,50,,,,,,,,,7.489701314
TIL.NS,403.8628549,,stellar,40,,,,,,,,,41.01356967
STOVEKRAFT.NS,565.5430441,,disaster,35,,,,,,,,,-15.204583
VSSL.NS,249.4540871,,disaster,40,,,,,,,,,-2.423589644
SIS.NS,380.8647931,,profit,35,,,,,,,,,4.13254768
PGINVIT.NS,97.90999242,,stellar,55,,,,,,,,,7.310384386
DATAMATICS.NS,1123.943772,,stellar,40,,,,,,,,,14.66473761
CMSINFO.NS,470.5127628,,profit,40,,,,,,,,,6.922571485
DREDGECORP.NS,662.3958402,,stellar,40,,,,,,,,,7.505609663
MADRASFERT.NS,91.31396576,,disaster,50,,,,,,,,,-2.702219236
HARSHA.NS,435.3927258,,profit,40,,,,,,,,,5.831971874
SONATSOFTW.NS,374.6618545,,breakeven,40,,,,,,,,,0.499427778
INDGN.NS,551.2202144,,disaster,40,,,,,,,,,-3.716993119
SPORTKING.NS,122.7213166,,stellar,40,,,,,,,,,10.81932364
BALRAMCHIN.NS,576.5296942,,loss,40,,,,,,,,,-1.422635168
TASTYBITE.NS,11050.80488,,stellar,35,,,,,,,,,13.55122153
EXCELINDUS.NS,1396.157777,,stellar,50,,,,,,,,,7.240014621
AWFIS.NS,588.1122857,,profit,35,,,,,,,,,2.093967214
SHAILY.NS,1794.456235,,disaster,35,,,,,,,,,-14.68782361
STARCEMENT.NS,286.2918324,,profit,40,,,,,,,,,3.462773758
TBZ.NS,166.5113919,,disaster,40,,,,,,,,,-12.61996532
CAPITALSFB.NS,312.0697272,,profit,50,,,,,,,,,3.351453757
PENINLAND.NS,45.41333883,,stellar,40,,,,,,,,,23.07137385
NORTHARC.NS,279.9632136,,stellar,40,,,,,,,,,11.05244222
ALEMBICLTD.NS,112.6949935,,profit,55,,,,,,,,,6.799656094
TTML.NS,53.38420876,,disaster,50,,,,,,,,,-9.579593617
GUFICBIO.NS,378.1869525,,profit,35,,,,,,,,,4.112030965
NAVA.NS,657.1625067,,disaster,40,,,,,,,,,-2.186123302
WINDMACHIN.NS,374.8242747,,stellar,40,,,,,,,,,17.40776027
SSWL.NS,204.9864337,,disaster,40,,,,,,,,,-3.033850682
SWANDEF.NS,465.7543851,,stellar,45,,,,,,,,,25.13551044
INDIAGLYCO.NS,895.1165762,,profit,40,,,,,,,,,4.826859184
THYROCARE.NS,1544.871566,,stellar,35,,,,,,,,,21.48082295
GSFC.NS,211.2857278,,breakeven,55,,,,,,,,,0.526089643
CYIENT.NS,1137.525281,,disaster,40,,,,,,,,,-7.525786267
CUB.NS,226.9355137,,stellar,50,,,,,,,,,7.217003588
YATRA.NS,114.6904738,,disaster,40,,,,,,,,,-24.66469413
TRIDENT.NS,28.58321453,,breakeven,40,,,,,,,,,0.327184134
IMAGICAA.NS,60.40197389,,profit,35,,,,,,,,,4.919183971
ENTERO.NS,1169.770985,,disaster,35,,,,,,,,,-4.857992292
TEAMLEASE.NS,1677.392085,,disaster,40,,,,,,,,,-9.364449688
TVSSRICHAK.NS,2957.600174,,profit,35,,,,,,,,,2.324947195
DLINKINDIA.NS,519.4200431,,stellar,50,,,,,,,,,7.185315005
HPL.NS,664.9344437,,stellar,40,,,,,,,,,35.45211897
ORIENTELEC.NS,204.3495483,,disaster,35,,,,,,,,,-4.589805166
ZENTEC.NS,1772.938798,,stellar,35,,,,,,,,,18.78191256
VIMTALABS.NS,648.7499023,,loss,40,,,,,,,,,-1.368315886
KINGFA.NS,3973.606378,,disaster,40,,,,,,,,,-11.87584458
DIFFNKG.NS,304.521422,,disaster,40,,,,,,,,,-11.60481219
PAISALO.NS,28.07889293,,disaster,40,,,,,,,,,-7.391513145
APS.NS,479.2652681,,disaster,45,,,,,,,,,-7.815878908
GANESHHOUC.NS,897.7792871,,loss,40,,,,,,,,,-0.230114856
INNOVANA.NS,673.4062576,,stellar,40,,,,,,,,,31.61463219
DBCORP.NS,291.4022864,,stellar,40,,,,,,,,,9.880193424
ALLDIGI.NS,1063.498333,,stellar,40,,,,,,,,,10.52204032
JYOTHYLAB.NS,330.456426,,disaster,40,,,,,,,,,-2.992387519
CARYSIL.NS,946.9480552,,profit,40,,,,,,,,,5.816072113
TARSONS.NS,344.3083311,,profit,35,,,,,,,,,5.132314843
BATAINDIA.NS,1141.684039,,profit,35,,,,,,,,,3.338521816
TBOTEK.NS,1467.620121,,breakeven,35,,,,,,,,,1.734378639
HITECHGEAR.NS,737.090936,,stellar,40,,,,,,,,,13.88920305
ELGIEQUIP.NS,533.8733281,,profit,40,,,,,,,,,6.860152428
EBGNG.NS,-107.143935,,disaster,35,,,,,,,,,-131.0697211
HITECH.NS,82.19819184,,disaster,40,,,,,,,,,-5.203329823
RPGLIFE.NS,2456.847029,,profit,50,,,,,,,,,4.183151537
CONCORDBIO.NS,1708.406464,,disaster,50,,,,,,,,,-3.348807014
MASTERTR.NS,156.3604384,,profit,40,,,,,,,,,3.324150198
CEWATER.NS,605.8146394,,stellar,40,,,,,,,,,10.04807254
BBL.NS,2672.654991,,disaster,40,,,,,,,,,-4.363597723
PRAJIND.NS,454.8504239,,stellar,35,,,,,,,,,11.59234964
INDORAMA.NS,57.20290933,,profit,40,,,,,,,,,6.088485305
KERNEX.NS,1328.148695,,stellar,40,,,,,,,,,24.46337975
