scrip,company,headline,summary,published_date,source,url
FCL,Fineotex Chemical Limited,Fineotex Chemical Limited's (NSE:FCL) 28% Share Price Surge Not Quite Adding Up - simplywall.st,"<a href=""https://news.google.com/rss/articles/CBMi1wFBVV95cUxNdEE2TnMyNVVNTmJRT0IwZ3ZWdTBsUy1Ub0hsY19IVUFra1hLeGhNOF9BMzdabTZqVEVfVlotVHhhNUR0QWY2RXZHUk0yY1RiRkhpN2Y2ZTZ5NzFUaVZTUTBoZ24tTkNyb0JvekRtd0JnYkRaVFFTUGg2WFZ1cFF4NXdPMWF4ZGVpQzN4TDQ2RzItbGRGWlEtSFZqMFpiWjJpR3AtTDNPbHU4QUpTY25ma21ueThFcHJBajYwNzlXcGI4SHBJa2xrSk5zUWh3a1llVjliUW5rVQ?oc=5"" target=""_blank"">Fineotex Chemical Limited's (NSE:FCL) 28% Share Price Surge Not Quite Adding Up</a>&nbsp;&nbsp;<font color=""#6f6f6f"">simplywall.st</font>",2025-11-04 08:00:00,simplywall.st,https://news.google.com/rss/articles/CBMi1wFBVV95cUxNdEE2TnMyNVVNTmJRT0IwZ3ZWdTBsUy1Ub0hsY19IVUFra1hLeGhNOF9BMzdabTZqVEVfVlotVHhhNUR0QWY2RXZHUk0yY1RiRkhpN2Y2ZTZ5NzFUaVZTUTBoZ24tTkNyb0JvekRtd0JnYkRaVFFTUGg2WFZ1cFF4NXdPMWF4ZGVpQzN4TDQ2RzItbGRGWlEtSFZqMFpiWjJpR3AtTDNPbHU4QUpTY25ma21ueThFcHJBajYwNzlXcGI4SHBJa2xrSk5zUWh3a1llVjliUW5rVQ?oc=5
FCL,Fineotex Chemical Limited,Fineotex Chemical Trades Ex-Bonus & Split; Price Adjusts 88% to ₹29.58 - HDFC Sky,"<a href=""https://news.google.com/rss/articles/CBMihAFBVV95cUxQeGVBWU83MlpHWmNfXzBrYV9XSDgyRzRQTVVnckotMmJnT2tJcWN0UmlrWThxOFR5YUhqNy0zWnM2N3FKZ2kzT055dGJFY0JkdmFnVWZUV2xpdUJkQTNrelktMlRGWE40R2p1QlJ5WTl1ajlraHlIcmc4RFhoZzZHMGZwaWs?oc=5"" target=""_blank"">Fineotex Chemical Trades Ex-Bonus & Split; Price Adjusts 88% to ₹29.58</a>&nbsp;&nbsp;<font color=""#6f6f6f"">HDFC Sky</font>",2025-10-31 07:00:00,HDFC Sky,https://news.google.com/rss/articles/CBMihAFBVV95cUxQeGVBWU83MlpHWmNfXzBrYV9XSDgyRzRQTVVnckotMmJnT2tJcWN0UmlrWThxOFR5YUhqNy0zWnM2N3FKZ2kzT055dGJFY0JkdmFnVWZUV2xpdUJkQTNrelktMlRGWE40R2p1QlJ5WTl1ajlraHlIcmc4RFhoZzZHMGZwaWs?oc=5
FCL,Fineotex Chemical Limited,Fineotex Chemical Boosts Share Capital with 4:1 Bonus Issue - scanx.trade,"<a href=""https://news.google.com/rss/articles/CBMiwgFBVV95cUxPVnpEeUlRc2RJcjdJNzdqeE9nWko2X2I4V1lZX3VhdVVvcDRsQVZSem9hNWN4RmVyZFQ0ZmpKRDExRWJUY3N3U2V5VHhHeGp5dG4yRTNWanlWM3puUEt3eWtvTno3RDk1eHRHYWhldnpYRVFrbTQtZ2xreVdKVGloTFJCMXdMc0pHTUJKWHcxc0lDR3YyZEg4clNUTzN0Ty1wRTlqY0ZWcWtpbmFHUXoxWWd5S1MzVHlfTnI3RjVWd1U2UQ?oc=5"" target=""_blank"">Fineotex Chemical Boosts Share Capital with 4:1 Bonus Issue</a>&nbsp;&nbsp;<font color=""#6f6f6f"">scanx.trade</font>",2025-11-02 07:00:00,scanx.trade,https://news.google.com/rss/articles/CBMiwgFBVV95cUxPVnpEeUlRc2RJcjdJNzdqeE9nWko2X2I4V1lZX3VhdVVvcDRsQVZSem9hNWN4RmVyZFQ0ZmpKRDExRWJUY3N3U2V5VHhHeGp5dG4yRTNWanlWM3puUEt3eWtvTno3RDk1eHRHYWhldnpYRVFrbTQtZ2xreVdKVGloTFJCMXdMc0pHTUJKWHcxc0lDR3YyZEg4clNUTzN0Ty1wRTlqY0ZWcWtpbmFHUXoxWWd5S1MzVHlfTnI3RjVWd1U2UQ?oc=5
FCL,Fineotex Chemical Limited,Fineotex Chemical Shares Locked In 20% Upper Circuit Limit On Hitting Ex-Date For Stock Split & Bonus Issue - Goodreturns,"<a href=""https://news.google.com/rss/articles/CBMi2gFBVV95cUxQM1pIWnhnS3A2NXRhQTN0Y0tNQlpmb2c0VTVFMnpmRkhGb0U0dmJOV3llSzBZTFpOU1VWb3FBUW1HWGVjeEF0VE9XcnUwcndvRkxVLXE1ZHlIT29URDFCdXRBUXpPd0ZzdUxTUkpHYUlNN29KTzNjSDhTXzRHcjRMNEJkaHYwMF9DNjhYQ0wxWTQwMWJzbkZmalRxTlQ1eXpSRTRuU1c0a00yeGc1NVpFTXNPaUc0Tm11dmR1bGV1dVVRZVBka2cyOVJuelNLakcwbUNjbFVQdHFWUQ?oc=5"" target=""_blank"">Fineotex Chemical Shares Locked In 20% Upper Circuit Limit On Hitting Ex-Date For Stock Split & Bonus Issue</a>&nbsp;&nbsp;<font color=""#6f6f6f"">Goodreturns</font>",2025-10-31 07:00:00,Goodreturns,https://news.google.com/rss/articles/CBMi2gFBVV95cUxQM1pIWnhnS3A2NXRhQTN0Y0tNQlpmb2c0VTVFMnpmRkhGb0U0dmJOV3llSzBZTFpOU1VWb3FBUW1HWGVjeEF0VE9XcnUwcndvRkxVLXE1ZHlIT29URDFCdXRBUXpPd0ZzdUxTUkpHYUlNN29KTzNjSDhTXzRHcjRMNEJkaHYwMF9DNjhYQ0wxWTQwMWJzbkZmalRxTlQ1eXpSRTRuU1c0a00yeGc1NVpFTXNPaUc0Tm11dmR1bGV1dVVRZVBka2cyOVJuelNLakcwbUNjbFVQdHFWUQ?oc=5
FCL,Fineotex Chemical Limited,Fineotex Chemical Ltd Sees 8.37 Million Shares Trade Amid 9.05% Price Drop - Markets Mojo,"<a href=""https://news.google.com/rss/articles/CBMiyAFBVV95cUxQLTFuRGtvRHFqMF9jbzM5ZUdBdVJ2MFRBVXdncWM1WmJlMzVjU0dBb1R5a1VneGJnVTRZc012QXppVXFqdV9Xam5sdmtNN20xeG9vbDdleFBGczZqSkNGQlFmeG54QWxiSlhvczd3T3loTUJZOHE0UU1iMEd6Ri1UNE5PbDJUcGdlOHBJX3g2MXBzLWZVejI3LU1EMS1JTUpxUGdDbzhsay14aXlpb0p1dmZGOGNwS2kzbk92akVMQjVBbWtNd2UxNA?oc=5"" target=""_blank"">Fineotex Chemical Ltd Sees 8.37 Million Shares Trade Amid 9.05% Price Drop</a>&nbsp;&nbsp;<font color=""#6f6f6f"">Markets Mojo</font>",2025-11-04 05:09:46,Markets Mojo,https://news.google.com/rss/articles/CBMiyAFBVV95cUxQLTFuRGtvRHFqMF9jbzM5ZUdBdVJ2MFRBVXdncWM1WmJlMzVjU0dBb1R5a1VneGJnVTRZc012QXppVXFqdV9Xam5sdmtNN20xeG9vbDdleFBGczZqSkNGQlFmeG54QWxiSlhvczd3T3loTUJZOHE0UU1iMEd6Ri1UNE5PbDJUcGdlOHBJX3g2MXBzLWZVejI3LU1EMS1JTUpxUGdDbzhsay14aXlpb0p1dmZGOGNwS2kzbk92akVMQjVBbWtNd2UxNA?oc=5
FCL,Fineotex Chemical Limited,Why did Fineotex Chemical crash by 88% today? Check the reason - Trade Brains,"<a href=""https://news.google.com/rss/articles/CBMijwFBVV95cUxPYnlqdUw5NExVZXBTdGM1VXljVGNCUG1TNVFtbnVrRmFsYUNCWGhsZVNxWERIdGowQXlvS0lFOHdPNUl4OTVkbldOU3J4NkNxWm40UXhhdklYYlFRRWU3b2xfeFlJbkM5Wmg5MVFmd0Q5VktqaktBQnp0dmZQMVV0N0Nsb0Z0MVFNNzJwdk5Bbw?oc=5"" target=""_blank"">Why did Fineotex Chemical crash by 88% today? Check the reason</a>&nbsp;&nbsp;<font color=""#6f6f6f"">Trade Brains</font>",2025-10-31 07:00:00,Trade Brains,https://news.google.com/rss/articles/CBMijwFBVV95cUxPYnlqdUw5NExVZXBTdGM1VXljVGNCUG1TNVFtbnVrRmFsYUNCWGhsZVNxWERIdGowQXlvS0lFOHdPNUl4OTVkbldOU3J4NkNxWm40UXhhdklYYlFRRWU3b2xfeFlJbkM5Wmg5MVFmd0Q5VktqaktBQnp0dmZQMVV0N0Nsb0Z0MVFNNzJwdk5Bbw?oc=5
FCL,Fineotex Chemical Limited,"Bonus issue, stock split: FCL shares hit 20% upper circuit on ex-date - Check details - India TV News","<a href=""https://news.google.com/rss/articles/CBMi3AFBVV95cUxNMEFUTlZ1aWtBVDRPajB6M0dhbXl4eVNNcURNZmlGblhfUkYtNl9Qc2RMR0gyQ2VFWDdvRGZYc2NsVEMxZlpkRUlBZ1VKOFhtZ1BLV1RoR0VWbU1UeVR4SDdfN1dueEVTQUdmamV5UDJqS2F4eHowalliVnphMHQzbFhOY2d6eHpJVHlrODhxV2hWcXJ1eEw0VWRBeEYzVmZPb1BaZVVSeGVzclFTSzdKLXZjRGRUc2VsVFBWUkg4eVpuRnVUbFQ0cXZwYV9TX08zWFRTbFJCX3dYSHRf0gHiAUFVX3lxTE5TQkpXaF9HMnNwbUZrMGpMbzR1VmJKVHpPcmNuUU1xbUt3N0F5eG1DTldqWnJqbzlvd1VYdTR3Z2kza0IxWGJneHhueTluZ1JldUJiem9GNHVBU1J4UGhZN2RoUkFqQXlrYTdBemwyUVg3bllRX0tRcnpMbUcwWlFoUjFBeGdyUW0xRjNHbnZjSFV6ZGpsSmxVaUZHWWI3MVVHQmx1RUpKMWJxLThzcW0wZk95MVo0WlpKbDZRN1dJczhJaDZ6VnM1UzhrUFE5UjlFQ3JHdjFnZkZsOU9QV2lBS3c?oc=5"" target=""_blank"">Bonus issue, stock split: FCL shares hit 20% upper circuit on ex-date - Check details</a>&nbsp;&nbsp;<font color=""#6f6f6f"">India TV News</font>",2025-10-31 07:00:00,India TV News,https://news.google.com/rss/articles/CBMi3AFBVV95cUxNMEFUTlZ1aWtBVDRPajB6M0dhbXl4eVNNcURNZmlGblhfUkYtNl9Qc2RMR0gyQ2VFWDdvRGZYc2NsVEMxZlpkRUlBZ1VKOFhtZ1BLV1RoR0VWbU1UeVR4SDdfN1dueEVTQUdmamV5UDJqS2F4eHowalliVnphMHQzbFhOY2d6eHpJVHlrODhxV2hWcXJ1eEw0VWRBeEYzVmZPb1BaZVVSeGVzclFTSzdKLXZjRGRUc2VsVFBWUkg4eVpuRnVUbFQ0cXZwYV9TX08zWFRTbFJCX3dYSHRf0gHiAUFVX3lxTE5TQkpXaF9HMnNwbUZrMGpMbzR1VmJKVHpPcmNuUU1xbUt3N0F5eG1DTldqWnJqbzlvd1VYdTR3Z2kza0IxWGJneHhueTluZ1JldUJiem9GNHVBU1J4UGhZN2RoUkFqQXlrYTdBemwyUVg3bllRX0tRcnpMbUcwWlFoUjFBeGdyUW0xRjNHbnZjSFV6ZGpsSmxVaUZHWWI3MVVHQmx1RUpKMWJxLThzcW0wZk95MVo0WlpKbDZRN1dJczhJaDZ6VnM1UzhrUFE5UjlFQ3JHdjFnZkZsOU9QV2lBS3c?oc=5
FCL,Fineotex Chemical Limited,Fineotex Chemicals Shares Price Jumps 18% After Bonus and Stock Split - HDFC Sky,"<a href=""https://news.google.com/rss/articles/CBMilwFBVV95cUxNMjBldW5uQktrMWpOakhiaWZncmFzSkpuQTNaaFRMTHdLaVFqZHRiSG43UTVaLTVpc3JyR1VudDJ2N21TZVJUUk44SmlJUVhyOW5kVElKZjhrRzhHelhLRG5KMjJLWnFIUVd3eFFIaXlDaXhQU29DVm1CbUFQR2NBeS1nMFZzclFvaGtZZldNaTBfbFNCWmJJ?oc=5"" target=""_blank"">Fineotex Chemicals Shares Price Jumps 18% After Bonus and Stock Split</a>&nbsp;&nbsp;<font color=""#6f6f6f"">HDFC Sky</font>",2025-11-03 08:00:00,HDFC Sky,https://news.google.com/rss/articles/CBMilwFBVV95cUxNMjBldW5uQktrMWpOakhiaWZncmFzSkpuQTNaaFRMTHdLaVFqZHRiSG43UTVaLTVpc3JyR1VudDJ2N21TZVJUUk44SmlJUVhyOW5kVElKZjhrRzhHelhLRG5KMjJLWnFIUVd3eFFIaXlDaXhQU29DVm1CbUFQR2NBeS1nMFZzclFvaGtZZldNaTBfbFNCWmJJ?oc=5
FCL,Fineotex Chemical Limited,"Fineotex Chemical Limited's (NSE:FCL): Top Key Executive Surendrakumar Tibrewala is the most bullish insider, and their stock value gained 12% last week - simplywall.st","<a href=""https://news.google.com/rss/articles/CBMi2gFBVV95cUxQUEJkd0JGZHhkYlphTzVYX2hLTHk2OFAtd3JiQXpsV3ZVd2JJR0hLWmxRS2w3aVVOWUJBa2R1bmVaLVhxX25TcnFvc2c5anc3emdQVy1VRTJhdWhaWTR6TzB1OUlZek1ITVl1eWtoSHQzdVhVSkViQTFGdy1OTXNzWS0xdGNya3dRVEdyZjdRWVl2cFV0TlVZd05QRTFraTdaRFlyVHBEODhveUh0VFRpWFBPQy1BcVRZOEZPVkpwNnRldG5OV25LSE01S3N1eTlBUkxkVjlXbXNBdw?oc=5"" target=""_blank"">Fineotex Chemical Limited's (NSE:FCL): Top Key Executive Surendrakumar Tibrewala is the most bullish insider, and their stock value gained 12% last week</a>&nbsp;&nbsp;<font color=""#6f6f6f"">simplywall.st</font>",2026-02-04 08:00:00,simplywall.st,https://news.google.com/rss/articles/CBMi2gFBVV95cUxQUEJkd0JGZHhkYlphTzVYX2hLTHk2OFAtd3JiQXpsV3ZVd2JJR0hLWmxRS2w3aVVOWUJBa2R1bmVaLVhxX25TcnFvc2c5anc3emdQVy1VRTJhdWhaWTR6TzB1OUlZek1ITVl1eWtoSHQzdVhVSkViQTFGdy1OTXNzWS0xdGNya3dRVEdyZjdRWVl2cFV0TlVZd05QRTFraTdaRFlyVHBEODhveUh0VFRpWFBPQy1BcVRZOEZPVkpwNnRldG5OV25LSE01S3N1eTlBUkxkVjlXbXNBdw?oc=5
FCL,Fineotex Chemical Limited,Fineotex Chemical Approves 1:2 Stock Split and 4:1 Bonus Share Issue - scanx.trade,"<a href=""https://news.google.com/rss/articles/CBMizgFBVV95cUxPOF9vd2JYbGJ2U05PZDhuRzgzRGdQSVlfOGRTRUhkdHlvcUgxQno0UzRRaEEtei1qWkQ3N0pad1FvcVNrME5uRU1ZOHc5YzRJMl82ODRZamdlQTY1eEpxQnU5MlJsekY0cUhORmVWM0c3T21GdU42X053Y05mZmNSS0R3d2VyS0k1aHNYVG1ZdERfc3gtQ3lYOVVKUEtXNHFzaDAyVjMtd0NPWlVGTmx3YzNaRlRYb1JDRlVQeGJ5NGpyR0lzYUVoVWo0UnlsUQ?oc=5"" target=""_blank"">Fineotex Chemical Approves 1:2 Stock Split and 4:1 Bonus Share Issue</a>&nbsp;&nbsp;<font color=""#6f6f6f"">scanx.trade</font>",2025-10-27 07:00:00,scanx.trade,https://news.google.com/rss/articles/CBMizgFBVV95cUxPOF9vd2JYbGJ2U05PZDhuRzgzRGdQSVlfOGRTRUhkdHlvcUgxQno0UzRRaEEtei1qWkQ3N0pad1FvcVNrME5uRU1ZOHc5YzRJMl82ODRZamdlQTY1eEpxQnU5MlJsekY0cUhORmVWM0c3T21GdU42X053Y05mZmNSS0R3d2VyS0k1aHNYVG1ZdERfc3gtQ3lYOVVKUEtXNHFzaDAyVjMtd0NPWlVGTmx3YzNaRlRYb1JDRlVQeGJ5NGpyR0lzYUVoVWo0UnlsUQ?oc=5
FCL,Fineotex Chemical Limited,"Fineotex Chemical Declares 40% Dividend, 4:1 Bonus Shares & 1:2 Stock Split - Goodreturns","<a href=""https://news.google.com/rss/articles/CBMitwFBVV95cUxONzJSVE9ZX0UwN0RZcGRUX3V5SlFFUHAyUGNFM21yWFpHWUpJenBhVUxJTWtUX1UzeS1rbXZfSkJtTEtWeS1MTjZ1cWlwOVA3Q1NocTZiS3JnTHQ3RE5JMmtET0tWZGNlal9QQTVhN3lWdjI2Y1czY3FIemRjaE4wbUNaZHFZaXpoUVlLMmloYzNqNzJ0QWFWRzVVZFc1QVlpWDZEMHJONVpfTGV5LV96eXhPaHUteE0?oc=5"" target=""_blank"">Fineotex Chemical Declares 40% Dividend, 4:1 Bonus Shares & 1:2 Stock Split</a>&nbsp;&nbsp;<font color=""#6f6f6f"">Goodreturns</font>",2025-09-28 07:00:00,Goodreturns,https://news.google.com/rss/articles/CBMitwFBVV95cUxONzJSVE9ZX0UwN0RZcGRUX3V5SlFFUHAyUGNFM21yWFpHWUpJenBhVUxJTWtUX1UzeS1rbXZfSkJtTEtWeS1MTjZ1cWlwOVA3Q1NocTZiS3JnTHQ3RE5JMmtET0tWZGNlal9QQTVhN3lWdjI2Y1czY3FIemRjaE4wbUNaZHFZaXpoUVlLMmloYzNqNzJ0QWFWRzVVZFc1QVlpWDZEMHJONVpfTGV5LV96eXhPaHUteE0?oc=5
FCL,Fineotex Chemical Limited,"Fineotex Chemical Ltd Sees 28 Million Shares Traded, Ranking Among Most Active Equities Today - Markets Mojo","<a href=""https://news.google.com/rss/articles/CBMi5AFBVV95cUxQLUZ3U1VOczdjZERyb2M2ZTNybW5sMjRQZ1FaZkxNOXpJcVpDdThoOGh6dFdOMG5IYks3QkZuckJZdHhiUUh5V1pxNVIwcXRhcDVaSkNaY1Boc01HTzlqWGw0MC1fa3c2WHZLUVZkNmROcVJrQm9zZDVvc2l0aVZrdWFBU2hPdDV5blhsRVcxTTFkN1BsaVJNZWh5QzdjNi1PTG9KcHBua19Kd2xoaEJRWkRjcWJUb0N4V2lZMTBCS09idEFEX200U05pRWEwZjRpOFMzSXNJQi1rLVNBNGxNcVJaVDM?oc=5"" target=""_blank"">Fineotex Chemical Ltd Sees 28 Million Shares Traded, Ranking Among Most Active Equities Today</a>&nbsp;&nbsp;<font color=""#6f6f6f"">Markets Mojo</font>",2025-11-03 08:00:00,Markets Mojo,https://news.google.com/rss/articles/CBMi5AFBVV95cUxQLUZ3U1VOczdjZERyb2M2ZTNybW5sMjRQZ1FaZkxNOXpJcVpDdThoOGh6dFdOMG5IYks3QkZuckJZdHhiUUh5V1pxNVIwcXRhcDVaSkNaY1Boc01HTzlqWGw0MC1fa3c2WHZLUVZkNmROcVJrQm9zZDVvc2l0aVZrdWFBU2hPdDV5blhsRVcxTTFkN1BsaVJNZWh5QzdjNi1PTG9KcHBua19Kd2xoaEJRWkRjcWJUb0N4V2lZMTBCS09idEFEX200U05pRWEwZjRpOFMzSXNJQi1rLVNBNGxNcVJaVDM?oc=5
FCL,Fineotex Chemical Limited,Fineotex Chemical Jumps 11% as Board Mulls Split & Bonus - HDFC Sky,"<a href=""https://news.google.com/rss/articles/CBMid0FVX3lxTFAxb1hOcUg1cTlFM2Q1SUxFVERENndTc0YyOUVUcVVlRjR6SjEyYzQwTmJwbzQ0d1M2dUpRaWVGMnJxYVhORlgtZjFvbFQyOWNqUzVBNURtaExkcWxzczk0YVB0bFJPVkR4LXc1R3Y2dW00UzNGX21N?oc=5"" target=""_blank"">Fineotex Chemical Jumps 11% as Board Mulls Split & Bonus</a>&nbsp;&nbsp;<font color=""#6f6f6f"">HDFC Sky</font>",2025-09-25 07:00:00,HDFC Sky,https://news.google.com/rss/articles/CBMid0FVX3lxTFAxb1hOcUg1cTlFM2Q1SUxFVERENndTc0YyOUVUcVVlRjR6SjEyYzQwTmJwbzQ0d1M2dUpRaWVGMnJxYVhORlgtZjFvbFQyOWNqUzVBNURtaExkcWxzczk0YVB0bFJPVkR4LXc1R3Y2dW00UzNGX21N?oc=5
FCL,Fineotex Chemical Limited,Fineotex Chemical's (NSE:FCL) Sluggish Earnings Might Be Just The Beginning Of Its Problems - simplywall.st,"<a href=""https://news.google.com/rss/articles/CBMi1wFBVV95cUxNc3liZVZSX0Y4Q3otOVJ6UVoza1lJaTE3Q0F5SzFIeWtKWGhTLUpUS0dFeldRMGVmVndVR1M2cTZualNJOHRRQlFfbmwwaHItZEpqbjdNU2J4clRWeVBDNGM4LXFCSzY5RUE0bVVvV3p5Wm41Tm8xUVRoRG9nakFKT3BZLVI4eDBWWldpX3hXRjBidU9oT0tjVWNHZm4xcHhQSXNEU3N5cDZ3RENtZFh6TkFPeWE3RVAtQ3FBeEVKOVE3SGhaSEtnU0dHNkVlUGFaU1JEMTJzb9IB3AFBVV95cUxOWHhqdnJnQmdkNWlwYU1KTFM3WlRfXzNBWEVITmFWUm0zYjRDbzkwWlJ1Sy0teFF4elljd3d0cVhLMG5mR1FiVXBBRkEtZnA5eHpjb1ZZRERoS0V2Y3VtN3RxazQ3RFNqMDFSdzhLMnFMY2hxeUdxblhiN012MldLV3pMR3Q1bFZfUDJjRzh4ZzU4YWxKX2xiT1VVbEN2ZUJ6dHdubi15a3FBNnFWMzJVX1dsWXc2NUltc1ppTVQyTkZtV3YtajVTRDNBb2F4Zmh2aHRTREtEbmFKM1Uw?oc=5"" target=""_blank"">Fineotex Chemical's (NSE:FCL) Sluggish Earnings Might Be Just The Beginning Of Its Problems</a>&nbsp;&nbsp;<font color=""#6f6f6f"">simplywall.st</font>",2025-11-28 08:00:00,simplywall.st,https://news.google.com/rss/articles/CBMi1wFBVV95cUxNc3liZVZSX0Y4Q3otOVJ6UVoza1lJaTE3Q0F5SzFIeWtKWGhTLUpUS0dFeldRMGVmVndVR1M2cTZualNJOHRRQlFfbmwwaHItZEpqbjdNU2J4clRWeVBDNGM4LXFCSzY5RUE0bVVvV3p5Wm41Tm8xUVRoRG9nakFKT3BZLVI4eDBWWldpX3hXRjBidU9oT0tjVWNHZm4xcHhQSXNEU3N5cDZ3RENtZFh6TkFPeWE3RVAtQ3FBeEVKOVE3SGhaSEtnU0dHNkVlUGFaU1JEMTJzb9IB3AFBVV95cUxOWHhqdnJnQmdkNWlwYU1KTFM3WlRfXzNBWEVITmFWUm0zYjRDbzkwWlJ1Sy0teFF4elljd3d0cVhLMG5mR1FiVXBBRkEtZnA5eHpjb1ZZRERoS0V2Y3VtN3RxazQ3RFNqMDFSdzhLMnFMY2hxeUdxblhiN012MldLV3pMR3Q1bFZfUDJjRzh4ZzU4YWxKX2xiT1VVbEN2ZUJ6dHdubi15a3FBNnFWMzJVX1dsWXc2NUltc1ppTVQyTkZtV3YtajVTRDNBb2F4Zmh2aHRTREtEbmFKM1Uw?oc=5
FCL,Fineotex Chemical Limited,"Fineotex Chemical Holds EGM: Proposes Share Capital Increase, Stock Split, and Bonus Issue - scanx.trade","<a href=""https://news.google.com/rss/articles/CBMi5wFBVV95cUxQNHBiYUVaXzRZRjhTdXZyUjBGcks3eFR2YXk0cWZNVWtuMTB5YkNBV2RTQ255a1hQdXN4LUxURjJ1LVY1aEVFZmtBQlJhWjdMdjF4OHE5TmoyX192ZlJCSDdhVzgtcXhUcV9abFcybC1UZDRtQ0tGSFR3eVNSdXpvSTltVEVLSmtHYXdMaXQ5MFItSlhydHdFREluRG1YTHFkclVaR3J5S0VFTVUxZElDMEFJYnZ3SXZiYnU0b3N3R0FrNllRV2lLd1NlUk14OHV3TzZTcE1MM0pMNnBvUmRaTTBYNjdXbW8?oc=5"" target=""_blank"">Fineotex Chemical Holds EGM: Proposes Share Capital Increase, Stock Split, and Bonus Issue</a>&nbsp;&nbsp;<font color=""#6f6f6f"">scanx.trade</font>",2025-10-25 07:00:00,scanx.trade,https://news.google.com/rss/articles/CBMi5wFBVV95cUxQNHBiYUVaXzRZRjhTdXZyUjBGcks3eFR2YXk0cWZNVWtuMTB5YkNBV2RTQ255a1hQdXN4LUxURjJ1LVY1aEVFZmtBQlJhWjdMdjF4OHE5TmoyX192ZlJCSDdhVzgtcXhUcV9abFcybC1UZDRtQ0tGSFR3eVNSdXpvSTltVEVLSmtHYXdMaXQ5MFItSlhydHdFREluRG1YTHFkclVaR3J5S0VFTVUxZElDMEFJYnZ3SXZiYnU0b3N3R0FrNllRV2lLd1NlUk14OHV3TzZTcE1MM0pMNnBvUmRaTTBYNjdXbW8?oc=5
FCL,Fineotex Chemical Limited,"Fineotex Declares 4:1 Bonus, 1:2 Stock Split - HDFC Sky","<a href=""https://news.google.com/rss/articles/CBMikgFBVV95cUxQclMzamsyZTV1cUI0VmdCM0Y3WDNadTdwX3R3UmxiQ3dxemJaSkgzTk0zNVZQLUtaREdYRDRqVVdpSTNBN1FBODcyMHpuSmRsRWxSaDlFMENjMzU5VzI3bDZoVWdqSE9LcVFQaFJpT3NDMTM4TGxubnJFbUpycGtQeTV4bjM5TW53R1piMDBENmk3UQ?oc=5"" target=""_blank"">Fineotex Declares 4:1 Bonus, 1:2 Stock Split</a>&nbsp;&nbsp;<font color=""#6f6f6f"">HDFC Sky</font>",2025-10-27 07:00:00,HDFC Sky,https://news.google.com/rss/articles/CBMikgFBVV95cUxQclMzamsyZTV1cUI0VmdCM0Y3WDNadTdwX3R3UmxiQ3dxemJaSkgzTk0zNVZQLUtaREdYRDRqVVdpSTNBN1FBODcyMHpuSmRsRWxSaDlFMENjMzU5VzI3bDZoVWdqSE9LcVFQaFJpT3NDMTM4TGxubnJFbUpycGtQeTV4bjM5TW53R1piMDBENmk3UQ?oc=5
FCL,Fineotex Chemical Limited,The total return for Fineotex Chemical (NSE:FCL) investors has risen faster than earnings growth over the last five years - simplywall.st,"<a href=""https://news.google.com/rss/articles/CBMi1gFBVV95cUxNQ3ZCcHBWN045NUszZjJLNk5WVERrTHNNdXI2dmF6RGFBeVJvV2tIcjRJNGtxRFhaaTNyWjFON0tlZjlCQXk3Z1R5alM4cC1HN0ZUd2JpYjJIUjIzNUgyU0JoWWhsWFFaVXlwNmFKOFdWV2Z1U3B3ZWgydzRvWGYxUWFMTlBLX3JiSHdITk1lZ2hseFFvNmJiXzgzYVEydkFaTUo1a01WZ3VINndwYjFDZ1RybWZfei1ZZFl0YXFHM0dLdWxmbGdHX05ZTDhIWXZJQTJyczlB0gHbAUFVX3lxTE5WYXAxaE5pbW5OZWU3SkU4Tmk4ZE0tdXlYR0hrelAtN2ZHZmhKMzZ0ajVxeE1KNk0wM0RPYWJoMWhnazNPWFZZUFVLUTVLcmI1RXRIcXBUTlNxeE5LLWI5ZzRldV9NVU14dDFkYTFkb0MwYXhOREkzREQ1cDdfT194TnJfMXZpZjQ3dlFGcjZYSkRzQ3JDV0ZmcVRwMm9VT0lsQ3IyZzR5Xy1DSFFnNWtZQl9BX1NncWRaNGpHVk9Uc0NXQjJmVERMQjZwU0VRN0lVZTRRWVR5U1YyZw?oc=5"" target=""_blank"">The total return for Fineotex Chemical (NSE:FCL) investors has risen faster than earnings growth over the last five years</a>&nbsp;&nbsp;<font color=""#6f6f6f"">simplywall.st</font>",2025-08-07 07:00:00,simplywall.st,https://news.google.com/rss/articles/CBMi1gFBVV95cUxNQ3ZCcHBWN045NUszZjJLNk5WVERrTHNNdXI2dmF6RGFBeVJvV2tIcjRJNGtxRFhaaTNyWjFON0tlZjlCQXk3Z1R5alM4cC1HN0ZUd2JpYjJIUjIzNUgyU0JoWWhsWFFaVXlwNmFKOFdWV2Z1U3B3ZWgydzRvWGYxUWFMTlBLX3JiSHdITk1lZ2hseFFvNmJiXzgzYVEydkFaTUo1a01WZ3VINndwYjFDZ1RybWZfei1ZZFl0YXFHM0dLdWxmbGdHX05ZTDhIWXZJQTJyczlB0gHbAUFVX3lxTE5WYXAxaE5pbW5OZWU3SkU4Tmk4ZE0tdXlYR0hrelAtN2ZHZmhKMzZ0ajVxeE1KNk0wM0RPYWJoMWhnazNPWFZZUFVLUTVLcmI1RXRIcXBUTlNxeE5LLWI5ZzRldV9NVU14dDFkYTFkb0MwYXhOREkzREQ1cDdfT194TnJfMXZpZjQ3dlFGcjZYSkRzQ3JDV0ZmcVRwMm9VT0lsQ3IyZzR5Xy1DSFFnNWtZQl9BX1NncWRaNGpHVk9Uc0NXQjJmVERMQjZwU0VRN0lVZTRRWVR5U1YyZw?oc=5
FCL,Fineotex Chemical Limited,Is Fineotex Chemical Limited's (NSE:FCL) Stock's Recent Performance Being Led By Its Attractive Financial Prospects? - simplywall.st,"<a href=""https://news.google.com/rss/articles/CBMi1wFBVV95cUxNei0xOUNRQ1BSM3ZwWHk4dmRYV2txMU5XdDI0c3A3MHlEZWVsOVFqelo5SnhBclZOd010TXN3SlNQSmJzczhJRnBsRldjY2w3ZnNOWHczY1lXYXNaWEszNE9mVndsNDlldWVuVjRtWmhIdVgxS1JqdjBMbkNwUkxrdERCRVJfVzRCbkJ0d3k1cUJTX1NDcFVjWXRoeVZ5ZFdORHpqR1lyWG80aXcxSXg0WVB3aFdFTktfQ2dZaldTS1M1SzdZSnJNM1FEQ0s2dVZ2aWlzS2Q2SQ?oc=5"" target=""_blank"">Is Fineotex Chemical Limited's (NSE:FCL) Stock's Recent Performance Being Led By Its Attractive Financial Prospects?</a>&nbsp;&nbsp;<font color=""#6f6f6f"">simplywall.st</font>",2025-05-14 07:00:00,simplywall.st,https://news.google.com/rss/articles/CBMi1wFBVV95cUxNei0xOUNRQ1BSM3ZwWHk4dmRYV2txMU5XdDI0c3A3MHlEZWVsOVFqelo5SnhBclZOd010TXN3SlNQSmJzczhJRnBsRldjY2w3ZnNOWHczY1lXYXNaWEszNE9mVndsNDlldWVuVjRtWmhIdVgxS1JqdjBMbkNwUkxrdERCRVJfVzRCbkJ0d3k1cUJTX1NDcFVjWXRoeVZ5ZFdORHpqR1lyWG80aXcxSXg0WVB3aFdFTktfQ2dZaldTS1M1SzdZSnJNM1FEQ0s2dVZ2aWlzS2Q2SQ?oc=5
FCL,Fineotex Chemical Limited,"Fineotex Chemical Reports Strong Q1 Results, Appoints New Director - scanx.trade","<a href=""https://news.google.com/rss/articles/CBMivgFBVV95cUxQZFNNM3ctWWRrOVo3SDJEdkI5a2RLMXNkZHNLUUw2VkFqVkdpLWZsNURWTFVNWG9PanprZEcxSm4zVUlpM2JWNTdxRi1NYXM0OVdXNkhwNzNpWHAzelRVMkJpZE5sWEpHVFNubl9uWE9ldGRGbTJnV0tPNlpDbGxmNEJMRV9DVW1UV21zS3pKOERsaHh0eHRtcHpfY1o1YW52Ykk3OC05bTBuYXgyNWVnMXVfOTVlbmdnc1JOZGFR?oc=5"" target=""_blank"">Fineotex Chemical Reports Strong Q1 Results, Appoints New Director</a>&nbsp;&nbsp;<font color=""#6f6f6f"">scanx.trade</font>",2025-08-12 07:00:00,scanx.trade,https://news.google.com/rss/articles/CBMivgFBVV95cUxQZFNNM3ctWWRrOVo3SDJEdkI5a2RLMXNkZHNLUUw2VkFqVkdpLWZsNURWTFVNWG9PanprZEcxSm4zVUlpM2JWNTdxRi1NYXM0OVdXNkhwNzNpWHAzelRVMkJpZE5sWEpHVFNubl9uWE9ldGRGbTJnV0tPNlpDbGxmNEJMRV9DVW1UV21zS3pKOERsaHh0eHRtcHpfY1o1YW52Ykk3OC05bTBuYXgyNWVnMXVfOTVlbmdnc1JOZGFR?oc=5
FCL,Fineotex Chemical Limited,"Fineotex Chemical to Consider Interim Dividend, Stock Split, and Bonus Shares in Upcoming Board Meeting - scanx.trade","<a href=""https://news.google.com/rss/articles/CBMi-gFBVV95cUxOeG5CZENjeWVpbzVjeEJ5b3pDTl9Ma3hnZWZtSDZ5aTJfMzNPWE5UN3llR0h6c2ota28xWlBGb3NhM0V3TmxQMUhiRTFURFZuUWRobXRWY1hOVW1yTy1pQUswa1NNNHR3QnpobEVJSHloRF9DQUU1dFFreFdIVXdZSVI1QW5WWThSbjJUdlRZdlFFQ0VJREVha01DcC1KM29sNzkyX3JVUlI2ekVnOWhXeWRxQm9ncjljaG5aX2N1b2JnODlEVXNHUy1pSVp6TVgyeG0xcDZuV0p3MFR2d21wS2M1bjlWazhpUE1XWmVoT2JEVjFscDlvZ1NB?oc=5"" target=""_blank"">Fineotex Chemical to Consider Interim Dividend, Stock Split, and Bonus Shares in Upcoming Board Meeting</a>&nbsp;&nbsp;<font color=""#6f6f6f"">scanx.trade</font>",2025-09-24 07:00:00,scanx.trade,https://news.google.com/rss/articles/CBMi-gFBVV95cUxOeG5CZENjeWVpbzVjeEJ5b3pDTl9Ma3hnZWZtSDZ5aTJfMzNPWE5UN3llR0h6c2ota28xWlBGb3NhM0V3TmxQMUhiRTFURFZuUWRobXRWY1hOVW1yTy1pQUswa1NNNHR3QnpobEVJSHloRF9DQUU1dFFreFdIVXdZSVI1QW5WWThSbjJUdlRZdlFFQ0VJREVha01DcC1KM29sNzkyX3JVUlI2ekVnOWhXeWRxQm9ncjljaG5aX2N1b2JnODlEVXNHUy1pSVp6TVgyeG0xcDZuV0p3MFR2d21wS2M1bjlWazhpUE1XWmVoT2JEVjFscDlvZ1NB?oc=5
FCL,Fineotex Chemical Limited,Fineotex Chemical Allots 50 Lakh Equity Shares on Warrant Conversion; Paid-up Capital Rises to INR 116.45 Crore - lokmattimes.com,"<a href=""https://news.google.com/rss/articles/CBMi4AFBVV95cUxNOFlCNW1lWlRlZXRsRnBuQWh6RmRqZDN6cDJLbGQ5a0wtbWc2WC1OX3dDR3dqdG91WXNGc1NUOEJUSG9HanFGeHV0cG9tUWNsTjNDMkpsRWFReTZHRVRRN0ozN1pJcnlFckJGTHloOWlLOEJhbkRxU1NiLXNybks4MTJYVHVXQ1JGRG9nd0o2Q1RoRW8tUG0xN1ZNZ3g3aUtTYkNYcUlvb0xseldsRjRvbjJPMWUxYkJMdmdWcDJ5Q2ZwaV96UzFsNnlWSjVTSXVHTjlwU2FpWmxlUk56Z21IXw?oc=5"" target=""_blank"">Fineotex Chemical Allots 50 Lakh Equity Shares on Warrant Conversion; Paid-up Capital Rises to INR 116.45 Crore</a>&nbsp;&nbsp;<font color=""#6f6f6f"">lokmattimes.com</font>",2026-01-19 08:00:00,lokmattimes.com,https://news.google.com/rss/articles/CBMi4AFBVV95cUxNOFlCNW1lWlRlZXRsRnBuQWh6RmRqZDN6cDJLbGQ5a0wtbWc2WC1OX3dDR3dqdG91WXNGc1NUOEJUSG9HanFGeHV0cG9tUWNsTjNDMkpsRWFReTZHRVRRN0ozN1pJcnlFckJGTHloOWlLOEJhbkRxU1NiLXNybks4MTJYVHVXQ1JGRG9nd0o2Q1RoRW8tUG0xN1ZNZ3g3aUtTYkNYcUlvb0xseldsRjRvbjJPMWUxYkJMdmdWcDJ5Q2ZwaV96UzFsNnlWSjVTSXVHTjlwU2FpWmxlUk56Z21IXw?oc=5
FCL,Fineotex Chemical Limited,Fineotex Chemical Limited Successfully Exercises Warrants; Strong Promoter Participation Signals Robust Confidence in the Company’s Growth Outlook - lokmattimes.com,"<a href=""https://news.google.com/rss/articles/CBMijwJBVV95cUxQT1VvR1dUTGk1c2hxRVAtUkdKazBjdWtXNENSRmw0VENhdU14aFV5cjFuVHRlRzZuM3RVaVpWRkZocXZ2Mm9Rd0tTSmt5VjJNRWdkZEdMRkpZdWtoWFJpNk9TUjhDTDhEbHpJWUdvRlZOQkZjdHkwdkowaVJsWUlqMW9FOXQ3Z0lmbTB3NzlhVktMVy00UG9mSWJwSnFLYmVXc0s0OW5wTllIQTlqM1pwd1dHM2lGSnQ3MFprTWxOaFFXcDdLaEt3X0xSazVVVGtDYmJVbTRnVWlBWndidDl5bDMxU2hOQTdfN3dKWHg1RmdQTmtTb3hrQ0hMQUZTOVdhN0h1SmlNQWFPQUJheE00?oc=5"" target=""_blank"">Fineotex Chemical Limited Successfully Exercises Warrants; Strong Promoter Participation Signals Robust Confidence in the Company’s Growth Outlook</a>&nbsp;&nbsp;<font color=""#6f6f6f"">lokmattimes.com</font>",2025-12-02 08:00:00,lokmattimes.com,https://news.google.com/rss/articles/CBMijwJBVV95cUxQT1VvR1dUTGk1c2hxRVAtUkdKazBjdWtXNENSRmw0VENhdU14aFV5cjFuVHRlRzZuM3RVaVpWRkZocXZ2Mm9Rd0tTSmt5VjJNRWdkZEdMRkpZdWtoWFJpNk9TUjhDTDhEbHpJWUdvRlZOQkZjdHkwdkowaVJsWUlqMW9FOXQ3Z0lmbTB3NzlhVktMVy00UG9mSWJwSnFLYmVXc0s0OW5wTllIQTlqM1pwd1dHM2lGSnQ3MFprTWxOaFFXcDdLaEt3X0xSazVVVGtDYmJVbTRnVWlBWndidDl5bDMxU2hOQTdfN3dKWHg1RmdQTmtTb3hrQ0hMQUZTOVdhN0h1SmlNQWFPQUJheE00?oc=5
FCL,Fineotex Chemical Limited,"Kacholia-backed Fineotex Chemical Allots Shares, Boosts Capital - Whalesbook","<a href=""https://news.google.com/rss/articles/CBMi0wFBVV95cUxPd2ZvM2FEb0tjTWlhc3VCQVE3MzJJX2tReDRDT3lsWXQ5U2VFRHB6MTEyUk5BWlVudXc1MUYySFhiY1p1T01qekFrQmpyUUZ0X05lbXREWnFyNVFxU2ZBcF9qUTJVS3VQYUhseGc4Yno2aTBGMlo5eE1IdGJZT3J4X1diWUN3UFFWSDU5NnhWd2RtMzBsMFBITmpUUEJ6M0JFSlUtenNlT202dDJpeWdfOWFkUld1Z1BVcGtUZTRZdU5UOW5PTGhhb2p1LTdjbVcyclhr?oc=5"" target=""_blank"">Kacholia-backed Fineotex Chemical Allots Shares, Boosts Capital</a>&nbsp;&nbsp;<font color=""#6f6f6f"">Whalesbook</font>",2026-01-19 08:00:00,Whalesbook,https://news.google.com/rss/articles/CBMi0wFBVV95cUxPd2ZvM2FEb0tjTWlhc3VCQVE3MzJJX2tReDRDT3lsWXQ5U2VFRHB6MTEyUk5BWlVudXc1MUYySFhiY1p1T01qekFrQmpyUUZ0X05lbXREWnFyNVFxU2ZBcF9qUTJVS3VQYUhseGc4Yno2aTBGMlo5eE1IdGJZT3J4X1diWUN3UFFWSDU5NnhWd2RtMzBsMFBITmpUUEJ6M0JFSlUtenNlT202dDJpeWdfOWFkUld1Z1BVcGtUZTRZdU5UOW5PTGhhb2p1LTdjbVcyclhr?oc=5
FCL,Fineotex Chemical Limited,FCL Share Price | Fineotex Chemical Ltd Stock Analysis & Recommendation - Markets Mojo,"<a href=""https://news.google.com/rss/articles/CBMidEFVX3lxTE56b1IzRjBYNlYzQjdOclotbUlNZjZEZElTeU1sWkFZQ3B4cmYzM0s4ZVhVU201UjgxR0pVNnI0T3I0WUJ2bXhLY01zV3VKTjdjbms2OXRPRGM4c25ZWTlwWmVHV3Zva09xQU16dWMwaUlaR3Va?oc=5"" target=""_blank"">FCL Share Price | Fineotex Chemical Ltd Stock Analysis & Recommendation</a>&nbsp;&nbsp;<font color=""#6f6f6f"">Markets Mojo</font>",2025-04-07 17:19:08,Markets Mojo,https://news.google.com/rss/articles/CBMidEFVX3lxTE56b1IzRjBYNlYzQjdOclotbUlNZjZEZElTeU1sWkFZQ3B4cmYzM0s4ZVhVU201UjgxR0pVNnI0T3I0WUJ2bXhLY01zV3VKTjdjbms2OXRPRGM4c25ZWTlwWmVHV3Zva09xQU16dWMwaUlaR3Va?oc=5
FCL,Fineotex Chemical Limited,Fineotex Chemical Limited Approves Share Capital Increase at EGM - TipRanks,"<a href=""https://news.google.com/rss/articles/CBMitwFBVV95cUxQLTI0TXVzVlFfV0N2QkFIOTc2ekQ3Z1NLTEMtb1JIdEZib2xWM0VtbFA4TGU0U19JTFhOSjMxcElfMUh4dzJwVHRhZVljZE04TTVwdEFXODNVTzl3VldxVkpxMnVCNEpIRmhLZnFWTnVnOUU5eUdSblczU2NZQ1h0cXJZcS1feXF6aE54U2Z1UktZSXhXaktwbzRPQk9pZjhZcUhXVWlyV0ZadG1rRmVkUmNKSmNLdWs?oc=5"" target=""_blank"">Fineotex Chemical Limited Approves Share Capital Increase at EGM</a>&nbsp;&nbsp;<font color=""#6f6f6f"">TipRanks</font>",2025-10-25 07:00:00,TipRanks,https://news.google.com/rss/articles/CBMitwFBVV95cUxQLTI0TXVzVlFfV0N2QkFIOTc2ekQ3Z1NLTEMtb1JIdEZib2xWM0VtbFA4TGU0U19JTFhOSjMxcElfMUh4dzJwVHRhZVljZE04TTVwdEFXODNVTzl3VldxVkpxMnVCNEpIRmhLZnFWTnVnOUU5eUdSblczU2NZQ1h0cXJZcS1feXF6aE54U2Z1UktZSXhXaktwbzRPQk9pZjhZcUhXVWlyV0ZadG1rRmVkUmNKSmNLdWs?oc=5
FCL,Fineotex Chemical Limited,Buy Fineotex Chemical; target of Rs 366: KR Choksey - Moneycontrol.com,"<a href=""https://news.google.com/rss/articles/CBMiswFBVV95cUxQTUxqSUpOdHkyYXcyQ3JWVTdkR0ZqVlBscDYxWDhITnliQU9PYVI5eEtRUHdSX21zRW0xOHJ2WkEyWVdDZ0VGMGxsQURla3RBTGN5TlN4UmU3Qzh2Q3VSMHFKYk5ZLVc5a2M0QXpwQ2FRMncwTVYyZlZqdFJsZFFycXVLV1M3RDhaX0owU25tT1NDT2htaEFISTlmLTF3dERndl9nV21sY2NNLXdnUndtUDFhSdIBuAFBVV95cUxNVHNNcVRPWXdsUWdVQnI1SGJNRHRlMG5QV3Y4MGtkc19mdVdPdnU0VHljOWxXMl9LQ3hHbEJnbXMxTFdJNWdDMERjaTQ3TFI0OWVHckxpZjZSam5fRm1hQkFKVTFqYnZTZjJkQnVTaUVKMFZyclVNbW9uN2hpOXdmN1BvWXdKZUlwVzdZZEd4MTZxUExIcEkyQmJRRlMtWXR5WFNhTU02ZnB2Y19IYmxTd0VfZHlkWWRw?oc=5"" target=""_blank"">Buy Fineotex Chemical; target of Rs 366: KR Choksey</a>&nbsp;&nbsp;<font color=""#6f6f6f"">Moneycontrol.com</font>",2025-02-19 08:00:00,Moneycontrol.com,https://news.google.com/rss/articles/CBMiswFBVV95cUxQTUxqSUpOdHkyYXcyQ3JWVTdkR0ZqVlBscDYxWDhITnliQU9PYVI5eEtRUHdSX21zRW0xOHJ2WkEyWVdDZ0VGMGxsQURla3RBTGN5TlN4UmU3Qzh2Q3VSMHFKYk5ZLVc5a2M0QXpwQ2FRMncwTVYyZlZqdFJsZFFycXVLV1M3RDhaX0owU25tT1NDT2htaEFISTlmLTF3dERndl9nV21sY2NNLXdnUndtUDFhSdIBuAFBVV95cUxNVHNNcVRPWXdsUWdVQnI1SGJNRHRlMG5QV3Y4MGtkc19mdVdPdnU0VHljOWxXMl9LQ3hHbEJnbXMxTFdJNWdDMERjaTQ3TFI0OWVHckxpZjZSam5fRm1hQkFKVTFqYnZTZjJkQnVTaUVKMFZyclVNbW9uN2hpOXdmN1BvWXdKZUlwVzdZZEd4MTZxUExIcEkyQmJRRlMtWXR5WFNhTU02ZnB2Y19IYmxTd0VfZHlkWWRw?oc=5
FCL,Fineotex Chemical Limited,Read This Before Buying Fineotex Chemical Limited (NSE:FCL) Shares - simplywall.st,"<a href=""https://news.google.com/rss/articles/CBMi3AFBVV95cUxNaFBuV3o1dHJtZzRhQXJvZHM2aERQWlJJN3NzbzdjcWI4NFdCWVFFQ2lWU3ZROW04b0J6dDNTWTNCVGx1TjlHd2plNFBRQ05jV1dhQmF6STNsY2pDMDVveGh2eVZObk5ZMzBqZVhXNGstdE9tWmVON0NURW1naV90SmNpR2RQdU1TMlc1c2wxTzNZOXJzZUpCVjNVZjRGOFdxVkRncUplM2NIdW9NSW04c2tudXdDcVhDUEFvMl96c2tRdWNXazdsN0t4Wk9rT0h3Um0yS2dJQ0ticHNO?oc=5"" target=""_blank"">Read This Before Buying Fineotex Chemical Limited (NSE:FCL) Shares</a>&nbsp;&nbsp;<font color=""#6f6f6f"">simplywall.st</font>",2021-06-12 07:00:00,simplywall.st,https://news.google.com/rss/articles/CBMi3AFBVV95cUxNaFBuV3o1dHJtZzRhQXJvZHM2aERQWlJJN3NzbzdjcWI4NFdCWVFFQ2lWU3ZROW04b0J6dDNTWTNCVGx1TjlHd2plNFBRQ05jV1dhQmF6STNsY2pDMDVveGh2eVZObk5ZMzBqZVhXNGstdE9tWmVON0NURW1naV90SmNpR2RQdU1TMlc1c2wxTzNZOXJzZUpCVjNVZjRGOFdxVkRncUplM2NIdW9NSW04c2tudXdDcVhDUEFvMl96c2tRdWNXazdsN0t4Wk9rT0h3Um0yS2dJQ0ticHNO?oc=5
FCL,Fineotex Chemical Limited,Is Fineotex Chemical Limited (NSE:FCL) A Smart Choice For Dividend Investors? - simplywall.st,"<a href=""https://news.google.com/rss/articles/CBMi7gFBVV95cUxNY3pkSGg5OTVOQjRLMWcyRDBRMkNSS1BYMGp1VDNhd0IxNF91Nk8tLU44bWFkLU9lZWtoM1c0ZDc2N0RWR0p5cURERl9EWXAzTUxHOWhZTFV0Qm5xUmNrZlRmMWJUU0RoZXVrVHVFWkpBZ0dwWll0Y2Z0ZWQxX2tTWDZMYlBIbWozY3NSWjlpa1VkLTcxR0huUERGR0txWTRmZzlpYnNkNXRndThSbS1qVV9tTnV3SnJnRkVwbElJSDBqYmdncGMwZ3NWRkR1cUQ5ZzRJVnlZUW15emR4dDRwVFk1bDBNT1R5SFptMXRB0gHuAUFVX3lxTE1jemRIaDk5NU5CNEsxZzJEMFEyQ1JLUFgwanVUM2F3QjE0X3U2Ty0tTjhtYWQtT2Vla2gzVzRkNzY3RFZHSnlxRERGX0RZcDNNTEc5aFlMVXRCbnFSY2tmVGYxYlRTRGhldWtUdUVaSkFnR3BaWXRjZnRlZDFfa1NYNkxiUEhtajNjc1JaOWlrVWQtNzFHSG5QREZHS3FZNGZnOWlic2Q1dGd1OFJtLWpVX21OdXdKcmdGRXBsSUlIMGpiZ2dwYzBnc1ZGRHVxRDlnNElWeVlRbXl6ZHh0NHBUWTVsME1PVHlIWm0xdEE?oc=5"" target=""_blank"">Is Fineotex Chemical Limited (NSE:FCL) A Smart Choice For Dividend Investors?</a>&nbsp;&nbsp;<font color=""#6f6f6f"">simplywall.st</font>",2020-05-25 07:00:00,simplywall.st,https://news.google.com/rss/articles/CBMi7gFBVV95cUxNY3pkSGg5OTVOQjRLMWcyRDBRMkNSS1BYMGp1VDNhd0IxNF91Nk8tLU44bWFkLU9lZWtoM1c0ZDc2N0RWR0p5cURERl9EWXAzTUxHOWhZTFV0Qm5xUmNrZlRmMWJUU0RoZXVrVHVFWkpBZ0dwWll0Y2Z0ZWQxX2tTWDZMYlBIbWozY3NSWjlpa1VkLTcxR0huUERGR0txWTRmZzlpYnNkNXRndThSbS1qVV9tTnV3SnJnRkVwbElJSDBqYmdncGMwZ3NWRkR1cUQ5ZzRJVnlZUW15emR4dDRwVFk1bDBNT1R5SFptMXRB0gHuAUFVX3lxTE1jemRIaDk5NU5CNEsxZzJEMFEyQ1JLUFgwanVUM2F3QjE0X3U2Ty0tTjhtYWQtT2Vla2gzVzRkNzY3RFZHSnlxRERGX0RZcDNNTEc5aFlMVXRCbnFSY2tmVGYxYlRTRGhldWtUdUVaSkFnR3BaWXRjZnRlZDFfa1NYNkxiUEhtajNjc1JaOWlrVWQtNzFHSG5QREZHS3FZNGZnOWlic2Q1dGd1OFJtLWpVX21OdXdKcmdGRXBsSUlIMGpiZ2dwYzBnc1ZGRHVxRDlnNElWeVlRbXl6ZHh0NHBUWTVsME1PVHlIWm0xdEE?oc=5
FCL,Fineotex Chemical Limited,Does Fineotex Chemical Limited (NSE:FCL) Have A Particularly Volatile Share Price? - Yahoo Finance,"<a href=""https://news.google.com/rss/articles/CBMihwFBVV95cUxPbmxvQ2RDTW9OVGVoNjREa0hLQ2lPRlAzNnZld1kyMDR4cjZLc3NnQURlQkNSZXZkOEVzT1dtNW5NVTdaeF9FRGhKZ0JDd01qRXJhdjJxR1lpTnpWOF9zTkxzemZRSlpNZ0hxaVZhcDFSWUZDV1VkYUY4WktCNlZvcV9SRzk5RTA?oc=5"" target=""_blank"">Does Fineotex Chemical Limited (NSE:FCL) Have A Particularly Volatile Share Price?</a>&nbsp;&nbsp;<font color=""#6f6f6f"">Yahoo Finance</font>",2019-06-19 07:00:00,Yahoo Finance,https://news.google.com/rss/articles/CBMihwFBVV95cUxPbmxvQ2RDTW9OVGVoNjREa0hLQ2lPRlAzNnZld1kyMDR4cjZLc3NnQURlQkNSZXZkOEVzT1dtNW5NVTdaeF9FRGhKZ0JDd01qRXJhdjJxR1lpTnpWOF9zTkxzemZRSlpNZ0hxaVZhcDFSWUZDV1VkYUY4WktCNlZvcV9SRzk5RTA?oc=5
FCL,Fineotex Chemical Limited,Fineotex Chemical share price crashed 90% today; here's why - Business Today,"<a href=""https://news.google.com/rss/articles/CBMiwgFBVV95cUxNMmVCNW1oQnB6Q214dmdkbk1KZlBsWmxud2xfZmZHam04aUZlR3N2OEFNbzFfOW5aN2k2NUxoeU9JZlZ0dFRBNmZLY1FzclotVTZzTGtCSEtMMXRKZHpLSURoTXJZR1E5NWh1X2sydWp1RDFQSGlHcHBWNUtTVXFtbElEeWV0U3pfWmQzQVFCYUdKaERMZ084U2VSWklyR1Brb3ZWcXFQd1AtXzRUSElXQUJUSk1odU1WdjhXUXF6aGtlUdIBxwFBVV95cUxPRmVFV25hQzVYQkd0NWV2S2hqWUlQSzgwdGxabDZhSTNwcDdwOWtLdVVGNDc2MHd2aDZIMkY0dnJHV2pJUUdFWVh1NEs3VGxMU0FjTVZlSHI4ZGdESXVwbkNwNlB3N3otWEh6ZFNyX3ZQNmlQTjNkd3J2Mm9oZlNDemdldm9JM2dkbXRseWF1NEQxOWhPY1JRU3pWRG5VeHVxUDRGU19hbThBbUFuc0kxeGU3TnUxdU9kdGV2LWl3MldEZlN5a3VJ?oc=5"" target=""_blank"">Fineotex Chemical share price crashed 90% today; here's why</a>&nbsp;&nbsp;<font color=""#6f6f6f"">Business Today</font>",2025-10-31 07:00:00,Business Today,https://news.google.com/rss/articles/CBMiwgFBVV95cUxNMmVCNW1oQnB6Q214dmdkbk1KZlBsWmxud2xfZmZHam04aUZlR3N2OEFNbzFfOW5aN2k2NUxoeU9JZlZ0dFRBNmZLY1FzclotVTZzTGtCSEtMMXRKZHpLSURoTXJZR1E5NWh1X2sydWp1RDFQSGlHcHBWNUtTVXFtbElEeWV0U3pfWmQzQVFCYUdKaERMZ084U2VSWklyR1Brb3ZWcXFQd1AtXzRUSElXQUJUSk1odU1WdjhXUXF6aGtlUdIBxwFBVV95cUxPRmVFV25hQzVYQkd0NWV2S2hqWUlQSzgwdGxabDZhSTNwcDdwOWtLdVVGNDc2MHd2aDZIMkY0dnJHV2pJUUdFWVh1NEs3VGxMU0FjTVZlSHI4ZGdESXVwbkNwNlB3N3otWEh6ZFNyX3ZQNmlQTjNkd3J2Mm9oZlNDemdldm9JM2dkbXRseWF1NEQxOWhPY1JRU3pWRG5VeHVxUDRGU19hbThBbUFuc0kxeGU3TnUxdU9kdGV2LWl3MldEZlN5a3VJ?oc=5
FCL,Fineotex Chemical Limited,Fineotex Chemical Gets 99.99% Shareholder Nod For Bonus Issue And Stock Split - Goodreturns,"<a href=""https://news.google.com/rss/articles/CBMivgFBVV95cUxPOUJpdGoybTRjYXBxUGREN2pwNGliMi1zSHRZMy1FYkJ5bEFQb01LQUZUYXhvWjJlblc0ZFZvZnBRNzFseExEV3pzT0E4bUVId1VrWUdLd0MzMTJDdlpqMmRKa3lrbHV0SDlKWDZhWDA0b3dYc19aYXdWc1ZYWDZLOFNLZWVCaXZDSkh6SUxJMEpTVGc1R0labXBrWlYtdzJROGN2eFUzSFRQaVc5cXZNTlZUaDJZMDdONGJpOWdR?oc=5"" target=""_blank"">Fineotex Chemical Gets 99.99% Shareholder Nod For Bonus Issue And Stock Split</a>&nbsp;&nbsp;<font color=""#6f6f6f"">Goodreturns</font>",2025-10-26 07:00:00,Goodreturns,https://news.google.com/rss/articles/CBMivgFBVV95cUxPOUJpdGoybTRjYXBxUGREN2pwNGliMi1zSHRZMy1FYkJ5bEFQb01LQUZUYXhvWjJlblc0ZFZvZnBRNzFseExEV3pzT0E4bUVId1VrWUdLd0MzMTJDdlpqMmRKa3lrbHV0SDlKWDZhWDA0b3dYc19aYXdWc1ZYWDZLOFNLZWVCaXZDSkh6SUxJMEpTVGc1R0labXBrWlYtdzJROGN2eFUzSFRQaVc5cXZNTlZUaDJZMDdONGJpOWdR?oc=5
FCL,Fineotex Chemical Limited,"Fineotex Chemical shares rise 12% as board to mull dividend, bonus share - Moneycontrol.com","<a href=""https://news.google.com/rss/articles/CBMi0AFBVV95cUxOUEV2bi0wTHpxQjZTY254NUpBbWp5RC1ycDUyM3RDOU52VXNXSTRUenYyTmRpZlI5N3JMQTBPaWhZM2NSd3hDcnFRVXItSTZhU1BINFVnUDdhTUZ5bjJEQzAwNWRySllLYjhLVTRsaFU2RTF2dDRBX2Y1UGJtTUdsdHFxLXRnVkpyZmhiR3BFMm94eUtZa0pack9DQnViSHNZS0Q1VHVCeVMzVGRfQjRLcDIyQWVBTXhoYUNEMUZOVXZGQTlwc0NrdkFnX3Z2Zl850gHWAUFVX3lxTFBNSG5wa1kyZUFHOEJBZ2t0Tm1lYWdOWTJCREQ5aWc4Y2lnc1FMQ0NWTThZWFZvU3lvYVRGVFBrTG5PUGVsd3ltTndXYnFNWTYtdlRwZ0N4Y19IRGhKdHg4enZwV0RFdlhIVFJULXZPWGxVVUFXOXJqMHV6Z1luVU5iX2RaOGpfSUlFNXZ4dWVoRzdWZlFtNkRydmtja3JiblN3d09ZRWhzZHp2OGdGZnpKRHNXWVFvOXp0MzRYSHFVTVl5amdMc1VTZTBXLWY1Y1dPeC1WUXc?oc=5"" target=""_blank"">Fineotex Chemical shares rise 12% as board to mull dividend, bonus share</a>&nbsp;&nbsp;<font color=""#6f6f6f"">Moneycontrol.com</font>",2025-09-25 07:00:00,Moneycontrol.com,https://news.google.com/rss/articles/CBMi0AFBVV95cUxOUEV2bi0wTHpxQjZTY254NUpBbWp5RC1ycDUyM3RDOU52VXNXSTRUenYyTmRpZlI5N3JMQTBPaWhZM2NSd3hDcnFRVXItSTZhU1BINFVnUDdhTUZ5bjJEQzAwNWRySllLYjhLVTRsaFU2RTF2dDRBX2Y1UGJtTUdsdHFxLXRnVkpyZmhiR3BFMm94eUtZa0pack9DQnViSHNZS0Q1VHVCeVMzVGRfQjRLcDIyQWVBTXhoYUNEMUZOVXZGQTlwc0NrdkFnX3Z2Zl850gHWAUFVX3lxTFBNSG5wa1kyZUFHOEJBZ2t0Tm1lYWdOWTJCREQ5aWc4Y2lnc1FMQ0NWTThZWFZvU3lvYVRGVFBrTG5PUGVsd3ltTndXYnFNWTYtdlRwZ0N4Y19IRGhKdHg4enZwV0RFdlhIVFJULXZPWGxVVUFXOXJqMHV6Z1luVU5iX2RaOGpfSUlFNXZ4dWVoRzdWZlFtNkRydmtja3JiblN3d09ZRWhzZHp2OGdGZnpKRHNXWVFvOXp0MzRYSHFVTVl5amdMc1VTZTBXLWY1Y1dPeC1WUXc?oc=5
FCL,Fineotex Chemical Limited,"Fineotex Chemical fixes Oct 31 as record date for share split, 4:1 bonus issue - CNBC TV18","<a href=""https://news.google.com/rss/articles/CBMixwFBVV95cUxNSGF3STk5MEZfNklBX2FEVGdNcXpLYm5EdktkMFVKRWpBbFN3bEloN0paVFBnVVNFWUFmM3Z1Mmx1UGpKNVZ5VV9naEt3NXVNMTRlbUJsVWNaRXVOWm9MRGhOZXVUZ1d4YWVpUlIxdnlsVl9ZQ05qTldjZ005N1JFaWFXcUd2eHpMREg5aUZpT3ctc1E5S1lqbklJUmM2bG1hZ3QwM0RReHlwTE1MR1FyOGR0TUFDb2U5UGJnUXdvNnpDTzVRaGgw0gHMAUFVX3lxTFAtQk9Oalpsb2JtU3piVFlvVHJvS2EzU1M0dE5aMGl5RG54cUYxbWhUWndRWlVQT01Nb0l1ZjVHNW9pQkdGQWRESk9yMG1nLVpwQndhOUM3SVVfVVhTZS12NUE5am5WdDl2NmdhTmUwNlNENm1pWlVxN0FCZUZJSU9jXzN4Tk9ZVlp3QUhVaVlwN2hTVW91MW1DMzJtVXUtSmxkbkpqS2tMUDN4eTZvNWVQTWpoNlkwLVZlU1RrRm83T25fWE5ZY2NEa0VDTw?oc=5"" target=""_blank"">Fineotex Chemical fixes Oct 31 as record date for share split, 4:1 bonus issue</a>&nbsp;&nbsp;<font color=""#6f6f6f"">CNBC TV18</font>",2025-10-27 07:00:00,CNBC TV18,https://news.google.com/rss/articles/CBMixwFBVV95cUxNSGF3STk5MEZfNklBX2FEVGdNcXpLYm5EdktkMFVKRWpBbFN3bEloN0paVFBnVVNFWUFmM3Z1Mmx1UGpKNVZ5VV9naEt3NXVNMTRlbUJsVWNaRXVOWm9MRGhOZXVUZ1d4YWVpUlIxdnlsVl9ZQ05qTldjZ005N1JFaWFXcUd2eHpMREg5aUZpT3ctc1E5S1lqbklJUmM2bG1hZ3QwM0RReHlwTE1MR1FyOGR0TUFDb2U5UGJnUXdvNnpDTzVRaGgw0gHMAUFVX3lxTFAtQk9Oalpsb2JtU3piVFlvVHJvS2EzU1M0dE5aMGl5RG54cUYxbWhUWndRWlVQT01Nb0l1ZjVHNW9pQkdGQWRESk9yMG1nLVpwQndhOUM3SVVfVVhTZS12NUE5am5WdDl2NmdhTmUwNlNENm1pWlVxN0FCZUZJSU9jXzN4Tk9ZVlp3QUhVaVlwN2hTVW91MW1DMzJtVXUtSmxkbkpqS2tMUDN4eTZvNWVQTWpoNlkwLVZlU1RrRm83T25fWE5ZY2NEa0VDTw?oc=5
FCL,Fineotex Chemical Limited,Fineotex Chemical (NSE:FCL) Has Affirmed Its Dividend Of ₹0.40 - simplywall.st,"<a href=""https://news.google.com/rss/articles/CBMi0wFBVV95cUxPYThTYTFVUlNPQWk0eGlqTlI1Z0FCRmRiUnE1UGlwOGs2bWVHR3poa0dKRTZ3NTRLNUdIZ3FXNmpuZmcyal9KbjRlbFJubm9GbTRzbGlWdy1kRERZNjBmY19SMHlnNnNIWXJzVzhXSjJDR3ZNUjFZTTZJdmcteGJzMXU3YnFsTVd5dndSWGRSYUlpMzRXcm4yeFJ4cWZCajRLbHM3WW1tM1hjdGdGcWhfalJyZjBlMU5oaU9HcmtJd25KSXpRMjc5eWFEeEg1NmtwczNV?oc=5"" target=""_blank"">Fineotex Chemical (NSE:FCL) Has Affirmed Its Dividend Of ₹0.40</a>&nbsp;&nbsp;<font color=""#6f6f6f"">simplywall.st</font>",2025-08-15 07:00:00,simplywall.st,https://news.google.com/rss/articles/CBMi0wFBVV95cUxPYThTYTFVUlNPQWk0eGlqTlI1Z0FCRmRiUnE1UGlwOGs2bWVHR3poa0dKRTZ3NTRLNUdIZ3FXNmpuZmcyal9KbjRlbFJubm9GbTRzbGlWdy1kRERZNjBmY19SMHlnNnNIWXJzVzhXSjJDR3ZNUjFZTTZJdmcteGJzMXU3YnFsTVd5dndSWGRSYUlpMzRXcm4yeFJ4cWZCajRLbHM3WW1tM1hjdGdGcWhfalJyZjBlMU5oaU9HcmtJd25KSXpRMjc5eWFEeEg1NmtwczNV?oc=5
FCL,Fineotex Chemical Limited,Here's What To Make Of Fineotex Chemical's (NSE:FCL) Decelerating Rates Of Return - simplywall.st,"<a href=""https://news.google.com/rss/articles/CBMi1wFBVV95cUxQLU4zdnplNmtSamNqVnJYU0xsMVZpZ1RYSnRSemt2dHVfWV9HMFR6VG9WTlYxNlFmR09RSS1LS0oxazBESFJmbkVlY2RpT0NlMVF1NlVmTFh0SjRCVGdGR1hvUnVQZG92VDRIaVpGWXJyTU5Vc3FNa1RJYWlMYUdxUzlqMm5hX2JvYm9vNDNMVHBjTUl0dmppM0s2cm9VOU1YQVgxdEFWVTY3MU9HZ3ZwWWRFeV9ydzc2RGZoSU9fV09IcHZJZ0gxbTczWmxNZFZKN0JTbmRMWQ?oc=5"" target=""_blank"">Here's What To Make Of Fineotex Chemical's (NSE:FCL) Decelerating Rates Of Return</a>&nbsp;&nbsp;<font color=""#6f6f6f"">simplywall.st</font>",2025-11-01 07:00:00,simplywall.st,https://news.google.com/rss/articles/CBMi1wFBVV95cUxQLU4zdnplNmtSamNqVnJYU0xsMVZpZ1RYSnRSemt2dHVfWV9HMFR6VG9WTlYxNlFmR09RSS1LS0oxazBESFJmbkVlY2RpT0NlMVF1NlVmTFh0SjRCVGdGR1hvUnVQZG92VDRIaVpGWXJyTU5Vc3FNa1RJYWlMYUdxUzlqMm5hX2JvYm9vNDNMVHBjTUl0dmppM0s2cm9VOU1YQVgxdEFWVTY3MU9HZ3ZwWWRFeV9ydzc2RGZoSU9fV09IcHZJZ0gxbTczWmxNZFZKN0JTbmRMWQ?oc=5
FCL,Fineotex Chemical Limited,Fineotex Chemicals Shares Surge 10% Ahead of Board Meeting on First Bonus Issue and Stock Split in 10 Years - Goodreturns,"<a href=""https://news.google.com/rss/articles/CBMi1gFBVV95cUxNRWQ3dmJxVG5GZzFpV04wSnpIT3ZLMmhZU0pwdFFSQVptNlluNWN2WWkwNWtDWDRCVTNkMUw2MWdwMHgyZE9KbHk2SmE0cHUtUWtiZ01yd2dnb0RJVnF2X2NFOERmTFpRUU5oYkc4Qkxlb0pTMThVOGhneDZVaEJQQVBmMDNONTdIVUNrRWN4VXU3cHNja09rd2U2SkxxLWhkenJLWUZiamVGMWI0S3gyMk41emVuRHZKRkhydEpDb1AxcWpKMnk4UXNZRXlHWEVYZmxiekhB?oc=5"" target=""_blank"">Fineotex Chemicals Shares Surge 10% Ahead of Board Meeting on First Bonus Issue and Stock Split in 10 Years</a>&nbsp;&nbsp;<font color=""#6f6f6f"">Goodreturns</font>",2025-09-25 07:00:00,Goodreturns,https://news.google.com/rss/articles/CBMi1gFBVV95cUxNRWQ3dmJxVG5GZzFpV04wSnpIT3ZLMmhZU0pwdFFSQVptNlluNWN2WWkwNWtDWDRCVTNkMUw2MWdwMHgyZE9KbHk2SmE0cHUtUWtiZ01yd2dnb0RJVnF2X2NFOERmTFpRUU5oYkc4Qkxlb0pTMThVOGhneDZVaEJQQVBmMDNONTdIVUNrRWN4VXU3cHNja09rd2U2SkxxLWhkenJLWUZiamVGMWI0S3gyMk41emVuRHZKRkhydEpDb1AxcWpKMnk4UXNZRXlHWEVYZmxiekhB?oc=5
FCL,Fineotex Chemical Limited,"Ashish Kacholia-backed Fineotex Chemical approves stock split, bonus issue - Moneycontrol.com","<a href=""https://news.google.com/rss/articles/CBMi1AFBVV95cUxPZGd2YU5MQ21NZm1lRmJqU1QxOU5kUmxEQ0V4Wk5DX3RMd1FUWEZoSUV6UEJyWmJESzZzUEc4SDlORTY4NkFPRnUzeHRaUTMtTVVGSk9xV1gzX01wSTB6TXZTMDRWSEkzX2Q4Y1VDczVzclBNM2ZiNEhjTFhoYVc1Z1ZNU24wc29LUW9lc2VneWc3czlrR3BubXRvQm16a3dmR2tsZXdnZ1ZKdVlEdWY2YmVOTUVLYkduakhsaEpZcDhWYkNZVXdBTWRuSFBITnFsaU92UdIB2gFBVV95cUxQc2plN20tcWExQzRBSFh4TzdNa3pxMlN1YVVvYXUySjJja29mcUxSNUFDbXY4TC1iX3dxNUFfeFl6MlRrU2x1b0lZU2hPQkR4QzQ3bk8tYkxwa0k5RUZyTDF2WkFwSHJJTzFRVm9wVmZMZW1yM3BwM0g1LXpWanRaTF9jSnRxSHpJS2VJWTBTdk1ma3JyU2NrT3JHeXRkSHo1UzJkUEJBZF9pWTc0QkdUajhQUC1SSFFXaXBTUDVIVDJxSUxnV1BwN3BkNlpVTlpnVTNIMWdUUnFHQQ?oc=5"" target=""_blank"">Ashish Kacholia-backed Fineotex Chemical approves stock split, bonus issue</a>&nbsp;&nbsp;<font color=""#6f6f6f"">Moneycontrol.com</font>",2025-10-27 07:00:00,Moneycontrol.com,https://news.google.com/rss/articles/CBMi1AFBVV95cUxPZGd2YU5MQ21NZm1lRmJqU1QxOU5kUmxEQ0V4Wk5DX3RMd1FUWEZoSUV6UEJyWmJESzZzUEc4SDlORTY4NkFPRnUzeHRaUTMtTVVGSk9xV1gzX01wSTB6TXZTMDRWSEkzX2Q4Y1VDczVzclBNM2ZiNEhjTFhoYVc1Z1ZNU24wc29LUW9lc2VneWc3czlrR3BubXRvQm16a3dmR2tsZXdnZ1ZKdVlEdWY2YmVOTUVLYkduakhsaEpZcDhWYkNZVXdBTWRuSFBITnFsaU92UdIB2gFBVV95cUxQc2plN20tcWExQzRBSFh4TzdNa3pxMlN1YVVvYXUySjJja29mcUxSNUFDbXY4TC1iX3dxNUFfeFl6MlRrU2x1b0lZU2hPQkR4QzQ3bk8tYkxwa0k5RUZyTDF2WkFwSHJJTzFRVm9wVmZMZW1yM3BwM0g1LXpWanRaTF9jSnRxSHpJS2VJWTBTdk1ma3JyU2NrT3JHeXRkSHo1UzJkUEJBZF9pWTc0QkdUajhQUC1SSFFXaXBTUDVIVDJxSUxnV1BwN3BkNlpVTlpnVTNIMWdUUnFHQQ?oc=5
FCL,Fineotex Chemical Limited,LIC-owned stock Fineotex Chemical raises ₹342 crore through preferential issue. Share jumps - Mint,"<a href=""https://news.google.com/rss/articles/CBMi8wFBVV95cUxObzF1VkJERXVqakFIMjlXWnlsUmYzRmxQREU2UUJIMDJ4UmZ3b0xubFIzRWNWU3Eyb2ZKZEhpTkJ4WHZlVmszMEVQYXRCOUx1bU1SQ3hlNmlIS0hzeDRVek8yaHVOclkxNkktNDd6SzZ2SVc4OXRkdVQyaFV5c3NnQWxMaWxmbFhUVERYRHI0aFFnZm9hSEk0TnA3bWxzZ0xJUVNGeUpfejN3ckpIYXVJdDdydEtrUnhRUU00cTEwYktSR19GeHhBbGxHZEZCR1l4Q0V0Qnl6TXBqdVdNNWtKU3J5cUloNENGYmpNSWpPVngyLU3SAfgBQVVfeXFMUE1XdEZqY0lmbU94THF4MHFhSDN3OGdEN25yQjdtQlN6eGdzemxQUjdtSmF2VmU3MjYzd0xMeW1GZkNHNWJ5dnlJNU14dG5VbXhXaVZDR1ZaN1ZWTi1Oa0syWVhwZ1J1ZTBtY1RDX2tqbjkydnNoZ0RjdXJWcERHNW5FS0hVc1Zjck02cWh2ZlVBTS1FM0lrLW4xc0FDZDJnelBWVlpjcS0tRVNPWjRvMWhfNDZURm9DWmIxbU04UWNMS3pXN1ktSGdidlBwd0F0RFMwY3ExQjFJek1KX3lDXzZXR1pULXh3bkU3QV9CS1lkYzY2MllCQ2M?oc=5"" target=""_blank"">LIC-owned stock Fineotex Chemical raises ₹342 crore through preferential issue. Share jumps</a>&nbsp;&nbsp;<font color=""#6f6f6f"">Mint</font>",2024-07-22 07:00:00,Mint,https://news.google.com/rss/articles/CBMi8wFBVV95cUxObzF1VkJERXVqakFIMjlXWnlsUmYzRmxQREU2UUJIMDJ4UmZ3b0xubFIzRWNWU3Eyb2ZKZEhpTkJ4WHZlVmszMEVQYXRCOUx1bU1SQ3hlNmlIS0hzeDRVek8yaHVOclkxNkktNDd6SzZ2SVc4OXRkdVQyaFV5c3NnQWxMaWxmbFhUVERYRHI0aFFnZm9hSEk0TnA3bWxzZ0xJUVNGeUpfejN3ckpIYXVJdDdydEtrUnhRUU00cTEwYktSR19GeHhBbGxHZEZCR1l4Q0V0Qnl6TXBqdVdNNWtKU3J5cUloNENGYmpNSWpPVngyLU3SAfgBQVVfeXFMUE1XdEZqY0lmbU94THF4MHFhSDN3OGdEN25yQjdtQlN6eGdzemxQUjdtSmF2VmU3MjYzd0xMeW1GZkNHNWJ5dnlJNU14dG5VbXhXaVZDR1ZaN1ZWTi1Oa0syWVhwZ1J1ZTBtY1RDX2tqbjkydnNoZ0RjdXJWcERHNW5FS0hVc1Zjck02cWh2ZlVBTS1FM0lrLW4xc0FDZDJnelBWVlpjcS0tRVNPWjRvMWhfNDZURm9DWmIxbU04UWNMS3pXN1ktSGdidlBwd0F0RFMwY3ExQjFJek1KX3lDXzZXR1pULXh3bkU3QV9CS1lkYzY2MllCQ2M?oc=5
FCL,Fineotex Chemical Limited,Fineotex Chemical's (NSE:FCL) five-year earnings growth trails the 39% YoY shareholder returns - simplywall.st,"<a href=""https://news.google.com/rss/articles/CBMi3AFBVV95cUxNYUZPZTNYSEoyeE9JX21qMEpVRmgxUTEyQkRPZERweDhNTGotNmRKQkhMYnZDdUNvSjZyQUNGY3RKeFN5LTE1TnBWNVhCN3pDdC1KaE40NjZ3ZmZaZHJWSENKczE2d1A2UUlBMEQwUkpTaTc2aGRTQzg1LUFkMWVMbXNPbEVkdHRmZkpvQ3lUaUNSYTZXTWl5cElPNm8tYmViNDlfQk5ZRVJWcXZ5Z01RdnBpa0FUQ0ZqSmVKd3FxeTlYUEdRMlllSF9Gb3dUS0VTTjVwYjN3M25CWXhx?oc=5"" target=""_blank"">Fineotex Chemical's (NSE:FCL) five-year earnings growth trails the 39% YoY shareholder returns</a>&nbsp;&nbsp;<font color=""#6f6f6f"">simplywall.st</font>",2022-01-12 08:00:00,simplywall.st,https://news.google.com/rss/articles/CBMi3AFBVV95cUxNYUZPZTNYSEoyeE9JX21qMEpVRmgxUTEyQkRPZERweDhNTGotNmRKQkhMYnZDdUNvSjZyQUNGY3RKeFN5LTE1TnBWNVhCN3pDdC1KaE40NjZ3ZmZaZHJWSENKczE2d1A2UUlBMEQwUkpTaTc2aGRTQzg1LUFkMWVMbXNPbEVkdHRmZkpvQ3lUaUNSYTZXTWl5cElPNm8tYmViNDlfQk5ZRVJWcXZ5Z01RdnBpa0FUQ0ZqSmVKd3FxeTlYUEdRMlllSF9Gb3dUS0VTTjVwYjN3M25CWXhx?oc=5
FCL,Fineotex Chemical Limited,Fineotex Chemical Surges 6% on US Acquisition! Investor's Must-Know Details! - Whalesbook,"<a href=""https://news.google.com/rss/articles/CBMi6gFBVV95cUxQcFg4alg2bFRxN3BMN1h3R09xQVZ0WnNEcTRIOXhoV0g0aHBQb0xhVlM3Vlp3RVMxVms1bVRwSDNRZmZpb1hrVnpreGlYeG82LXI5XzdJekYyX0tCR0dpZnpQM2pyUUJlYTBpVENwcEZpdWdydW8xTF81UmJSQUhEZ2tMRGp2ZlpVdnBzYlo5Qk52YzgyeVU4WkY1Y29wMjVSUzVBdWVzZ3p3c2FxejQtVVNURGVpYmNVR0daUHFfQ0oyZlhxeDg1YmJxLVRSazhpTXJoRFBnNWhFcEN4WGxZU0JFM1Eydi01Qnc?oc=5"" target=""_blank"">Fineotex Chemical Surges 6% on US Acquisition! Investor's Must-Know Details!</a>&nbsp;&nbsp;<font color=""#6f6f6f"">Whalesbook</font>",2025-12-05 08:00:00,Whalesbook,https://news.google.com/rss/articles/CBMi6gFBVV95cUxQcFg4alg2bFRxN3BMN1h3R09xQVZ0WnNEcTRIOXhoV0g0aHBQb0xhVlM3Vlp3RVMxVms1bVRwSDNRZmZpb1hrVnpreGlYeG82LXI5XzdJekYyX0tCR0dpZnpQM2pyUUJlYTBpVENwcEZpdWdydW8xTF81UmJSQUhEZ2tMRGp2ZlpVdnBzYlo5Qk52YzgyeVU4WkY1Y29wMjVSUzVBdWVzZ3p3c2FxejQtVVNURGVpYmNVR0daUHFfQ0oyZlhxeDg1YmJxLVRSazhpTXJoRFBnNWhFcEN4WGxZU0JFM1Eydi01Qnc?oc=5
FCL,Fineotex Chemical Limited,₹15 to ₹375: Ashish Kacholia-owned multibagger chemical stock Fineotex Chemical rises 2400% in four years - Mint,"<a href=""https://news.google.com/rss/articles/CBMiiAJBVV95cUxNNTFCNW5LYjNmMnowRkNxeUVKNVZhdVFzUlRuQ1NZWlVESGsxYm9ISWMxRlN5SmFRVkJXX2V1VXB3ekpTbjBKN1pXLTRpM29tR3MtNWZHdEI5SW9UM0Y4dU5xWTRtSHBCNDhHaXNCdDB5Z0tOeUl2UlhMVnVWd2ZFZm1JVHg3SGlVbkh5SF8xc2RCN0o3RnFtOF9EMmhsbkFfdHFTQTdHZC1DVGlyMjAwVmo1b3dvc2pqT214WVpfNWstUEI1RDhuZnZOeFV6MWw3YmVSdTFCVTdLN3hpRklXUERYU1hVbVgtYTVQM0dWUVc4X2hpbm81SUVkTm5VUUxhWVczMVgyOE_SAY4CQVVfeXFMTThYZDJ1TnRJdzNfNzk0MVk3cXlZUlJKZ0lXekJyd1c4MS1vZndKcHVFYXZEUEpPZkZuOFc3c0NZLUxIdUVxMmtwZFoyWk9pak8xbnMtZ2haOFFEQ3RfcG0xMlJkY0VQNEhfcG0xWEk1cUdLSS1JSXVpR3RMUEtLRUpnQnp3d1VaOGdVTVdlTjdENml3b1NLbjF5ZmJiWWl3eHVsQnhGVEF2MDEwalAySDRIaGdVbTlTUEZ0UXdmd05DOUtTQWQ4dE1md0FiZzVtd2pQYXhvTndZdU45TVhhanItNXBTV2pfa2ZNOXFXTzNvcFlqa0NaZm52SnctSmZDOWJQQmZhVlBGY3ZhT3FB?oc=5"" target=""_blank"">₹15 to ₹375: Ashish Kacholia-owned multibagger chemical stock Fineotex Chemical rises 2400% in four years</a>&nbsp;&nbsp;<font color=""#6f6f6f"">Mint</font>",2024-05-28 07:00:00,Mint,https://news.google.com/rss/articles/CBMiiAJBVV95cUxNNTFCNW5LYjNmMnowRkNxeUVKNVZhdVFzUlRuQ1NZWlVESGsxYm9ISWMxRlN5SmFRVkJXX2V1VXB3ekpTbjBKN1pXLTRpM29tR3MtNWZHdEI5SW9UM0Y4dU5xWTRtSHBCNDhHaXNCdDB5Z0tOeUl2UlhMVnVWd2ZFZm1JVHg3SGlVbkh5SF8xc2RCN0o3RnFtOF9EMmhsbkFfdHFTQTdHZC1DVGlyMjAwVmo1b3dvc2pqT214WVpfNWstUEI1RDhuZnZOeFV6MWw3YmVSdTFCVTdLN3hpRklXUERYU1hVbVgtYTVQM0dWUVc4X2hpbm81SUVkTm5VUUxhWVczMVgyOE_SAY4CQVVfeXFMTThYZDJ1TnRJdzNfNzk0MVk3cXlZUlJKZ0lXekJyd1c4MS1vZndKcHVFYXZEUEpPZkZuOFc3c0NZLUxIdUVxMmtwZFoyWk9pak8xbnMtZ2haOFFEQ3RfcG0xMlJkY0VQNEhfcG0xWEk1cUdLSS1JSXVpR3RMUEtLRUpnQnp3d1VaOGdVTVdlTjdENml3b1NLbjF5ZmJiWWl3eHVsQnhGVEF2MDEwalAySDRIaGdVbTlTUEZ0UXdmd05DOUtTQWQ4dE1md0FiZzVtd2pQYXhvTndZdU45TVhhanItNXBTV2pfa2ZNOXFXTzNvcFlqa0NaZm52SnctSmZDOWJQQmZhVlBGY3ZhT3FB?oc=5
FCL,Fineotex Chemical Limited,Does Fineotex Chemical Limited’s (NSE:FCL) PE Ratio Signal A Selling Opportunity? - Yahoo Finance,"<a href=""https://news.google.com/rss/articles/CBMihwFBVV95cUxPWnhkakczRE91YkVWMmJIM0NMTU12aDZWczJBNVVwa2NpbFlkZ1ZRdWltYUwtRlZFOXc4VW1jOFctRHlYWTZldkUxY1ZsMm12TGVsT1JTRC1JUndxNloxUXpxSkRQZXlMb0o3TWVZcy1xUkZSSU1wX1RLdzU4cmdkbWVXNGt6bnc?oc=5"" target=""_blank"">Does Fineotex Chemical Limited’s (NSE:FCL) PE Ratio Signal A Selling Opportunity?</a>&nbsp;&nbsp;<font color=""#6f6f6f"">Yahoo Finance</font>",2018-09-02 07:00:00,Yahoo Finance,https://news.google.com/rss/articles/CBMihwFBVV95cUxPWnhkakczRE91YkVWMmJIM0NMTU12aDZWczJBNVVwa2NpbFlkZ1ZRdWltYUwtRlZFOXc4VW1jOFctRHlYWTZldkUxY1ZsMm12TGVsT1JTRC1JUndxNloxUXpxSkRQZXlMb0o3TWVZcy1xUkZSSU1wX1RLdzU4cmdkbWVXNGt6bnc?oc=5
FCL,Fineotex Chemical Limited,Fineotex Chemical: Ashish Kacholia stock in focus as promoter hikes stake; share price less than Rs 300 - ET Now,"<a href=""https://news.google.com/rss/articles/CBMi6AFBVV95cUxNOXNRZ2NpbVBscWhqblQxNjVHY1czYXN3d3czUHRLYjFzYXozQmVCVkFhRXEyRkVHT2JibndSU1F6dUxyWml3Q2p6Ym9JME1nWjVxU2JsQnF5R05nS292UjZpdEFRX0lXR1JBV240U1ZGY1VPTWZIcUZFV2NFb29RVTdMN0hGYTlQemxwdmw3MHZ6ZzhuTDR2ekkzTDhMck1SMzZldEJZZDZZcUh2YkRFWVpodjNZY1Q0V3RmNk9DbmlISHlzNmlHdG9pV0VSeC13aFFBOXkzelN1MUNMUXd3Zmx5ZW1yNTVB0gHuAUFVX3lxTE5ieGRNNnJyN1VhSkwtNzRld0o1NExIREc0bUZhaFlSWTJGQnN5OXkwR0FmZTUxUHc1ZHhNRXZNb1ZjQm5IV2FhLWxaVS1RQ1pQVlJCbFppMVdpLVZxZzRpQzczNHBkVXBNQVgwcGxJNU1pNGE2RjRNR3h1Zm50T20xczZqeEVWZGtaUERKMHc4OU5INXh2dVN5SnZRZDBBdGFpdDNaaHJWN1MxUkloNmxveFlvUTZqWjR4V3FYZlFEa2NfOGZKRzdvZ3k2V2NjekRQM1hSR1pnZjlUZGIyc1U2ZFItMzQzeU9qT3pMOGc?oc=5"" target=""_blank"">Fineotex Chemical: Ashish Kacholia stock in focus as promoter hikes stake; share price less than Rs 300</a>&nbsp;&nbsp;<font color=""#6f6f6f"">ET Now</font>",2025-03-31 07:00:00,ET Now,https://news.google.com/rss/articles/CBMi6AFBVV95cUxNOXNRZ2NpbVBscWhqblQxNjVHY1czYXN3d3czUHRLYjFzYXozQmVCVkFhRXEyRkVHT2JibndSU1F6dUxyWml3Q2p6Ym9JME1nWjVxU2JsQnF5R05nS292UjZpdEFRX0lXR1JBV240U1ZGY1VPTWZIcUZFV2NFb29RVTdMN0hGYTlQemxwdmw3MHZ6ZzhuTDR2ekkzTDhMck1SMzZldEJZZDZZcUh2YkRFWVpodjNZY1Q0V3RmNk9DbmlISHlzNmlHdG9pV0VSeC13aFFBOXkzelN1MUNMUXd3Zmx5ZW1yNTVB0gHuAUFVX3lxTE5ieGRNNnJyN1VhSkwtNzRld0o1NExIREc0bUZhaFlSWTJGQnN5OXkwR0FmZTUxUHc1ZHhNRXZNb1ZjQm5IV2FhLWxaVS1RQ1pQVlJCbFppMVdpLVZxZzRpQzczNHBkVXBNQVgwcGxJNU1pNGE2RjRNR3h1Zm50T20xczZqeEVWZGtaUERKMHc4OU5INXh2dVN5SnZRZDBBdGFpdDNaaHJWN1MxUkloNmxveFlvUTZqWjR4V3FYZlFEa2NfOGZKRzdvZ3k2V2NjekRQM1hSR1pnZjlUZGIyc1U2ZFItMzQzeU9qT3pMOGc?oc=5
